certificateNo,name,documentType,facilityType,facilityClass,city,district,placeId,reason
"2022-7-0184","ACAR OTEL","Basit Konaklama","OTEL","","ANTALYA","ALANYA","ChIJ0-G-n1SY3BQR9tvOcLK968s","operational-confirmed"
"2025","ALAİYE KLEOPATRA OTEL","Turizm İşletmesi Belgesi","Otel","4 Yıldızlı","ANTALYA","ALANYA","ChIJJfo_QYWi3BQR19WayxMqxFs","operational-confirmed"
"9694","ALANYA BEACH","Turizm İşletmesi Belgesi","Otel","3 Yıldızlı","ANTALYA","ALANYA","ChIJU_0_KgCl3BQRbzzmbciVoPc","operational-confirmed"
"1352","ALANYA BÜYÜK OTEL","Turizm İşletmesi Belgesi","Otel","4 Yıldızlı","ANTALYA","ALANYA","ChIJwSpey3CY3BQRaXqLcW0enP0","operational-confirmed"
"2022-7-1106","ALANYA RISUS PARK OTEL","Basit Konaklama","OTEL","","ANTALYA","ALANYA","ChIJu9_R2cKZ3BQRVwLasaaTrwQ","operational-confirmed"
"20400","ALANYA SUNWAY HOTEL","Turizm İşletmesi Belgesi","Otel","2 Yıldızlı","ANTALYA","ALANYA","ChIJnwibj5yi3BQRgDjMHSxy-Yk","operational-confirmed"
"11388","ALİN OTEL","Turizm İşletmesi Belgesi","Otel","3 Yıldızlı","ANTALYA","ALANYA","ChIJ4-n3soeY3BQR-p1oqIOVIsg","operational-confirmed"
"10469","ANNA QUEEN HOTEL","Turizm İşletmesi Belgesi","Otel","2 Yıldızlı","ANTALYA","ALANYA","ChIJf41tm5yi3BQRKE1jXhl4xz0","operational-confirmed"
"9115","ANTIQUE ROMAN PALACE","Turizm İşletmesi Belgesi","Otel","5 Yıldızlı","ANTALYA","ALANYA","ChIJgQl_hyu7yhQRJ_VreFWnank","operational-confirmed"
"2022-7-0630","ARSİ ENFİ CITY BEACH OTEL","Basit Konaklama","OTEL","","ANTALYA","ALANYA","ChIJL_aIvmCY3BQRoLqCYisIwL0","operational-confirmed"
"24043","AVLİON OTEL","Turizm İşletmesi Belgesi","Otel","3 Yıldızlı","ANTALYA","ALANYA","ChIJL-PmWvSj3BQRETxNs8T0CmQ","operational-confirmed"
"2022-7-0531","AYBEL İNN HOTEL","Basit Konaklama","OTEL","","ANTALYA","KEMER","ChIJ65zMKw6_wxQRq_KJ3vHDlNw","operational-confirmed"
"2022-7-1130","AYSEV OTEL","Basit Konaklama","OTEL","","ANTALYA","ALANYA","ChIJW9-0Z5ui3BQRyTVKUDLfofc","operational-confirmed"
"2022-7-1648","AYSU TUNÇ HOTEL","Basit Konaklama","HOTEL","","ANTALYA","KEMER","ChIJ_0iFCwC_wxQRXSbZlB7g95E","operational-confirmed"
"7379","AZAK BEACH OTEL","Turizm İşletmesi Belgesi","Otel","3 Yıldızlı","ANTALYA","ALANYA","ChIJT7SmK5ui3BQR2WzD-XREde8","operational-confirmed"
"10945","AZAK OTEL","Turizm İşletmesi Belgesi","Otel","3 Yıldızlı","ANTALYA","ALANYA","ChIJX2aDUIWi3BQRrvRtHs6saiY","operational-confirmed"
"2546","BAIA SALİMA KEMER","Turizm İşletmesi Belgesi","Tatil Köyü","5 Yıldızlı","ANTALYA","KEMER","ChIJDYNqkyW_wxQR8RVK7AiZOkQ","operational-confirmed"
"3307","BALIK OTEL","Turizm İşletmesi Belgesi","Otel","3 Yıldızlı","ANTALYA","ALANYA","ChIJU1-2jYyi3BQRrenT-RkXW-k","operational-confirmed"
"21714","BALMY BEACH RESORT KEMER","Turizm İşletmesi Belgesi","Otel","3 Yıldızlı","ANTALYA","KEMER","ChIJ8fevahm3wxQR9b45G8zlIdc","operational-confirmed"
"2615","BALMY FORESTA","Turizm İşletmesi Belgesi","Otel","5 Yıldızlı","ANTALYA","KEMER","ChIJj_o1awC_wxQRJtG4gli3Ucg","operational-confirmed"
"8450","BEACH CLUB DOĞANAY OTEL","Turizm İşletmesi Belgesi","Otel","5 Yıldızlı","ANTALYA","ALANYA","ChIJO6L6K3Cj3BQRFTs2Bswtk0g","operational-confirmed"
"2022-7-1105","BELCAN HOTEL","Basit Konaklama","OTEL","","ANTALYA","KEMER","ChIJZ6omQJy_wxQRMFSSknVsVIg","operational-confirmed"
"2022-7-1376","BELPOINT BEACH HOTEL","Basit Konaklama","OTEL","","ANTALYA","KEMER","ChIJpSo0J6O3wxQRrSQGKx9gGrY","operational-confirmed"
"2022-7-1758","BELSEA HOTEL","Basit Konaklama","OTEL","","ANTALYA","KEMER","ChIJARV81e2_wxQRguCgLAN3LC8","operational-confirmed"
"2022-7-0461","BELSUN HOTEL","Basit Konaklama","OTEL","","ANTALYA","KEMER","ChIJQUy7C9y_wxQR_OWxvJbqqas","operational-confirmed"
"2022-7-1266","BEST HOUSE OTEL","Basit Konaklama","OTEL","","ANTALYA","ALANYA","ChIJh0L7YISi3BQRPVumZqmi0Qw","operational-confirmed"
"2863","BLUE DIAMOND ALYA HOTEL","Turizm İşletmesi Belgesi","Otel","4 Yıldızlı","ANTALYA","ALANYA","ChIJ2VD-UAuZ3BQRpfCRFiPHH2Y","operational-confirmed"
"2022-7-1144","BLUE DREAM HOTEL","Basit Konaklama","OTEL","","ANTALYA","ALANYA","ChIJNRioU16Y3BQR8mT0PGX_oXg","operational-confirmed"
"11069","BLUE FİSH OTEL","Turizm İşletmesi Belgesi","Otel","4 Yıldızlı","ANTALYA","ALANYA","ChIJq4EFzW-j3BQRIBl03jtESbo","operational-confirmed"
"10048","BLUE STAR OTEL","Turizm İşletmesi Belgesi","Otel","4 Yıldızlı","ANTALYA","ALANYA","ChIJLxwW1oei3BQRaOOC-eJEN4k","operational-confirmed"
"2687","BOULEVARD OTEL","Turizm İşletmesi Belgesi","Otel","4 Yıldızlı","ANTALYA","ALANYA","ChIJoUryEmSY3BQRdGmvKjfWfvs","operational-confirmed"
"26458","CASTELLO BY MEDITERRA HOTEL","Turizm İşletmesi Belgesi","Otel","3 Yıldızlı","ANTALYA","ALANYA","ChIJr0O9QQCZ3BQR9xjLEReEn0w","operational-confirmed"
"2022-7-0601","CASTLE PARK HOTEL","Basit Konaklama","OTEL","","ANTALYA","KEMER","ChIJmyx0s26_wxQRhnG9YIXnsQ4","operational-confirmed"
"8979","CATAMARAN","Turizm İşletmesi Belgesi","Otel","5 Yıldızlı","ANTALYA","KEMER","ChIJTWp5Eaa_wxQRaTYI9R6zyGU","operational-confirmed"
"20717","CLEOPATRA GOLDEN BEACH OTEL","Turizm İşletmesi Belgesi","Otel","4 Yıldızlı","ANTALYA","ALANYA","ChIJAzIapY-i3BQRviE9z2QJvj8","operational-confirmed"
"17987","CLUB BIG BLUE SUITE HOTEL","Turizm İşletmesi Belgesi","Otel","4 Yıldızlı","ANTALYA","ALANYA","ChIJ7Wr6M1aY3BQRUBqEr53ga_M","operational-confirmed"
"2022-7-0581","CLUB HOTEL BELPINAR","Basit Konaklama","OTEL","","ANTALYA","KEMER","ChIJYz2GEai_wxQRxsq_Y4ePBGI","operational-confirmed"
"17129","CONCORDİA CELES","Turizm İşletmesi Belgesi","Otel","5 Yıldızlı","ANTALYA","ALANYA","ChIJL3lLaPaZ3BQRbnx2CtSBWN8","operational-confirmed"
"20812","Day One Beach Resort Hotel","Turizm İşletmesi Belgesi","Butik Otel","","ANTALYA","ALANYA","ChIJISRzG1qY3BQRq_tjH1_k5cw","operational-confirmed"
"12874","DIAMOND HILL RESORT","Turizm İşletmesi Belgesi","Otel","5 Yıldızlı","ANTALYA","ALANYA","ChIJo8IlGQCZ3BQRJnU0-hC1RKc","operational-confirmed"
"2022-7-0091","DIAMORE HOTEL","Basit Konaklama","HOTEL","","ANTALYA","ALANYA","ChIJlw1uVQaQwxQRJXjiLlvpMfQ","operational-confirmed"
"9585","ELYSEE BEACH","Turizm İşletmesi Belgesi","Otel","3 Yıldızlı","ANTALYA","ALANYA","ChIJE4NxSYWi3BQRdvNbIyeVJWw","operational-confirmed"
"3204","ELYSEE RIVE","Turizm İşletmesi Belgesi","Otel","4 Yıldızlı","ANTALYA","ALANYA","ChIJEeo3YF6Y3BQRX-znFYNadgA","operational-confirmed"
"2022-7-1149","EN VIE BEACH OTEL","Basit Konaklama","OTEL","","ANTALYA","ALANYA","ChIJxWfVn3-i3BQRVZHWa601OFU","operational-confirmed"
"G_25248","GARDEN PARK BELDİBİ HOTEL","Turizm İşletmesi Belgesi","Otel","3 Yıldızlı","ANTALYA","KEMER","ChIJjTw9zw-_wxQR9juwSbulWt8","operational-confirmed"
"2455","GARDENİA","Turizm İşletmesi Belgesi","Otel","4 Yıldızlı","ANTALYA","ALANYA","ChIJCSz315qi3BQR_9sDWLLO-Fk","operational-confirmed"
"2021-7-0026","GRAND HOTEL DERİN","Basit Konaklama","OTEL","","ANTALYA","KEMER","ChIJLU5PcBe_wxQRuHcBONbyvvE","operational-confirmed"
"12464","GRAND ZAMAN GARDEN OTEL","Turizm İşletmesi Belgesi","Otel","4 Yıldızlı","ANTALYA","ALANYA","ChIJ5fp80ISi3BQRvRhRBCKahyk","operational-confirmed"
"3756","GYPSOPHILA CLUB MARINE","Turizm İşletmesi Belgesi","Tatil Köyü","5 Yıldızlı","ANTALYA","KEMER","ChIJW27GEvbIwxQRRCq4LT1_BjY","operational-confirmed"
"2022-7-0545","HAWAII SUITE BEACH OTEL","Basit Konaklama","OTEL","","ANTALYA","ALANYA","ChIJuW-aHl6Y3BQRm8cg6E5OeEk","operational-confirmed"
"2022-7-0456","HEDEF RESORT OTEL","Basit Konaklama","OTEL","","ANTALYA","ALANYA","ChIJywYLt_ak3BQRCeoqRP2KJfA","operational-confirmed"
"2022-7-0557","HİLAL OTEL","Basit Konaklama","OTEL","","ANTALYA","ALANYA","ChIJf0UNGY-i3BQRnxPQ7U5R8OA","operational-confirmed"
"12490","HOTEL GOLDEN SUN","Turizm İşletmesi Belgesi","Otel","3 Yıldızlı","ANTALYA","KEMER","ChIJM6oDiBe_wxQR1BHumrwC-qE","operational-confirmed"
"3073","HOTEL ÖZKAYMAK","Turizm İşletmesi Belgesi","Otel","5 Yıldızlı","ANTALYA","ALANYA","ChIJGRrpPIWY3BQRCxOzOHfMWpo","operational-confirmed"
"2022-7-1273","İLLUSİON BEACH CLUB HOTEL","Basit Konaklama","OTEL","","ANTALYA","ALANYA","ChIJARtI_AKj3BQRGN70Yc2ggnI","operational-confirmed"
"9019","KADEER HOTEL","Turizm İşletmesi Belgesi","Otel","3 Yıldızlı","ANTALYA","ALANYA","ChIJtVCnTGOZ3BQRh7-PKhTajN4","operational-confirmed"
"11547","KAHYA OTEL","Turizm İşletmesi Belgesi","Otel","4 Yıldızlı","ANTALYA","ALANYA","ChIJT7SmK5ui3BQRu2rLo0SrdgQ","operational-confirmed"
"16205","KAİLA BEACH HOTEL","Turizm İşletmesi Belgesi","Otel","5 Yıldızlı","ANTALYA","ALANYA","ChIJq6ouu62Z3BQRmBuOsH4aqqY","operational-confirmed"
"4698","KAİLA KRİZANTEM OTEL","Turizm İşletmesi Belgesi","Otel","4 Yıldızlı","ANTALYA","ALANYA","ChIJM0S4plOY3BQRKXv2fiBeUao","operational-confirmed"
"19848","KANDELOR OTEL","Turizm İşletmesi Belgesi","Otel","4 Yıldızlı","ANTALYA","ALANYA","ChIJMZDcp4eY3BQRx0j6UC4YRE8","operational-confirmed"
"3695","KLEOPATRA ADA BEACH OTEL","Turizm İşletmesi Belgesi","Otel","4 Yıldızlı","ANTALYA","ALANYA","ChIJYx7HNoyi3BQRmw8phqLQfs4","operational-confirmed"
"15354","KLEOPATRA ARSİ OTEL","Turizm İşletmesi Belgesi","Otel","3 Yıldızlı","ANTALYA","ALANYA","ChIJ9zj9UI6i3BQRVsRT1KMjI0M","operational-confirmed"
"4114","KLEOPATRA BEACH OTEL","Turizm İşletmesi Belgesi","Otel","4 Yıldızlı","ANTALYA","ALANYA","ChIJZ4-SjI6i3BQRCbOWThGjvTU","operational-confirmed"
"8543","KLEOPATRA BEBEK OTEL","Turizm İşletmesi Belgesi","Otel","3 Yıldızlı","ANTALYA","ALANYA","ChIJHzvvPJui3BQRwbUZNFCHq0g","operational-confirmed"
"2022-7-0257","KLEOPATRA CARINA OTEL","Basit Konaklama","OTEL","","ANTALYA","ALANYA","ChIJHRSqXZui3BQR33c_E7F_2to","operational-confirmed"
"10367","KLEOPATRA LIFE OTEL","Turizm İşletmesi Belgesi","Otel","4 Yıldızlı","ANTALYA","ALANYA","ChIJR2bb19uj3BQRig8nxSdrAnk","operational-confirmed"
"7904","KLEOPATRA MİCADOR","Turizm İşletmesi Belgesi","Otel","4 Yıldızlı","ANTALYA","ALANYA","ChIJCTkQHYWY3BQR6m17Pxmigo0","operational-confirmed"
"17085","KLEOPATRA RAMİRA HOTEL","Turizm İşletmesi Belgesi","Otel","4 Yıldızlı","ANTALYA","ALANYA","ChIJHxrDsoCi3BQRUkPdgpnrmuc","operational-confirmed"
"11078","KLEOPATRA ROYAL PALM OTEL","Turizm İşletmesi Belgesi","Otel","4 Yıldızlı","ANTALYA","ALANYA","ChIJHSfADYyi3BQRzenOqFtT4Lk","operational-confirmed"
"2022-7-0564","KLEOPATRA SAHARA OTEL","Basit Konaklama","OTEL","","ANTALYA","ALANYA","ChIJ0_wj_I6i3BQReWaUND8lLUY","operational-confirmed"
"26130","KLEOPATRA SMİLE OTEL","Turizm İşletmesi Belgesi","Otel","2 Yıldızlı","ANTALYA","ALANYA","ChIJX8WLP3Gj3BQRfCO9VFordoE","operational-confirmed"
"2022-7-0288","LONİCERA CİTY HOTEL","Basit Konaklama","OTEL","","ANTALYA","ALANYA","ChIJ2bASvoWi3BQRvvXi18BjbVE","operational-confirmed"
"2022-7-1575","MAGIC SUN OTEL","Basit Konaklama","OTEL","","ANTALYA","KEMER","ChIJsbD2wqW_wxQRpbcfWCY8KgM","operational-confirmed"
"13654","MERHABA OTEL","Turizm İşletmesi Belgesi","Otel","3 Yıldızlı","ANTALYA","ALANYA","ChIJjSYMTmSY3BQRbQPrhAt-rdA","operational-confirmed"
"2022-7-1670","MESUT OTEL","Basit Konaklama","OTEL","","ANTALYA","ALANYA","ChIJyb-hD1OY3BQRen29vJoAtkA","operational-confirmed"
"2148","MISS CLEOPATRA HOTEL","Turizm İşletmesi Belgesi","Otel","2 Yıldızlı","ANTALYA","ALANYA","ChIJCYVFBo-i3BQRMx9MzV6CV6E","operational-confirmed"
"2022-7-0590","MİDİ SUİTES OTEL","Basit Konaklama","HOTEL","","ANTALYA","ALANYA","ChIJzTgWSniZ3BQRyWrocb9b2T8","operational-confirmed"
"4579","MİRAY OTEL","Turizm İşletmesi Belgesi","Otel","3 Yıldızlı","ANTALYA","ALANYA","ChIJX9VhHgCj3BQRreNAz_A2WP0","operational-confirmed"
"2022-7-0428","MOLA OTEL","Basit Konaklama","OTEL","","ANTALYA","ALANYA","ChIJy1Xjj5yi3BQRG30ybHKWA9U","operational-confirmed"
"3139","MONART CITY OTEL","Turizm İşletmesi Belgesi","Otel","4 Yıldızlı","ANTALYA","ALANYA","ChIJEbeQUlmY3BQRLoyHlb5VpXg","operational-confirmed"
"5072","MONTE CARLO","Turizm İşletmesi Belgesi","Otel","4 Yıldızlı","ANTALYA","ALANYA","ChIJS9qannCY3BQRCWcOR-FQc8Y","operational-confirmed"
"23119","MOONBOW BEACH HOTEL","Turizm İşletmesi Belgesi","Otel","2 Yıldızlı","ANTALYA","ALANYA","ChIJM6tELquZ3BQRVVhIP9gbamg","operational-confirmed"
"2022-7-1481","MORE OTEL","Basit Konaklama","OTEL","","ANTALYA","KEMER","ChIJe-02_gW_wxQRNE_7JY8yvso","operational-confirmed"
"2022-7-0202","MUZ OTEL","Basit Konaklama","OTEL","","ANTALYA","ALANYA","ChIJAQAAFRuj3BQRxdIz_2QIHt4","operational-confirmed"
"6312","NOVİS HOTEL CLEOPATRA","Turizm İşletmesi Belgesi","Otel","3 Yıldızlı","ANTALYA","ALANYA","ChIJT9StywGj3BQR-JVeyrq_MEk","operational-confirmed"
"12951","OBA STAR OTEL & SPA","Turizm İşletmesi Belgesi","Otel","4 Yıldızlı","ANTALYA","ALANYA","ChIJsaaLblOY3BQRttAplmH1ySs","operational-confirmed"
"2022-7-1581","OLYA OTEL","Basit Konaklama","OTEL","","ANTALYA","KEMER","ChIJneNml35XwxQR2Av0c6foDYc","operational-confirmed"
"11177","ONKEL HOTELS BELDİBİ RESORT","Turizm İşletmesi Belgesi","Otel","4 Yıldızlı","ANTALYA","KEMER","ChIJq7UfIwaQwxQR06SkwIXeugU","operational-confirmed"
"2022-7-1299","PALM CİTY ALANYA HOTEL","Basit Konaklama","HOTEL","","ANTALYA","ALANYA","ChIJB88n3ruZ3BQRHCm5mOFIhaU","operational-confirmed"
"2022-7-0093","RAMİRA JOY HOTEL","Basit Konaklama","OTEL","","ANTALYA","ALANYA","ChIJB0ulN4Ki3BQR10ot_we9EbA","operational-confirmed"
"2022-7-0561","RESİTALYA OTEL","Basit Konaklama","OTEL","","ANTALYA","ALANYA","ChIJ73L0XV6Y3BQRdxj49704DOM","operational-confirmed"
"2022-7-1387","RIOS LATTE BEACH OTEL","Basit Konaklama","OTEL","","ANTALYA","KEMER","ChIJ-XRL5Qe_wxQRisIPg4Yuv1s","operational-confirmed"
"2022-7-1474","RİNG BEACH OTEL","Basit Konaklama","OTEL","","ANTALYA","KEMER","ChIJbb4GsRC_wxQRhTE_0iWHDLc","operational-confirmed"
"8539","RİVİERA OTEL","Turizm İşletmesi Belgesi","Otel","4 Yıldızlı","ANTALYA","ALANYA","ChIJT7SmK5ui3BQRR3rVCS6e3L0","operational-confirmed"
"2456","RİVİERA ZEN OTEL","Turizm İşletmesi Belgesi","Otel","4 Yıldızlı","ANTALYA","ALANYA","ChIJEb0ygVKj3BQRqWYpAeCTljY","operational-confirmed"
"24745","ROSE GARDEN PREMİUM HOTEL","Turizm İşletmesi Belgesi","Otel","3 Yıldızlı","ANTALYA","KEMER","ChIJq3Qpop23wxQRhUMrGGBEbXk","operational-confirmed"
"2022-7-0740","ROSELLA HOTEL","Basit Konaklama","OTEL","","ANTALYA","ALANYA","ChIJAb3MVHyZ3BQRLrkEJcIcm_M","operational-confirmed"
"8056","ROYAL ATLANTİS","Turizm İşletmesi Belgesi","Otel","4 Yıldızlı","ANTALYA","MANAVGAT","ChIJ5xbXCwBfwxQRGZMRVCliVS4","operational-confirmed"
"10404","ROYAL ATLANTİS SPA & RESORT","Turizm İşletmesi Belgesi","Otel","5 Yıldızlı","ANTALYA","MANAVGAT","ChIJ5xbXCwBfwxQRGZMRVCliVS4","operational-confirmed"
"2022-7-1214","ROYAL OTEL","Basit Konaklama","OTEL","","ANTALYA","ALANYA","ChIJfb0XpPai3BQRl2IByIMl4kk","operational-confirmed"
"2022-7-1498","SANDY BEACH OTEL","Basit Konaklama","OTEL","","ANTALYA","MANAVGAT","ChIJn0yhvbiZ3BQRA0cLJ4ZPd6Y","operational-confirmed"
"2022-7-1374","SANTANA HOTEL","Basit Konaklama","OTEL","","ANTALYA","KEMER","ChIJZZBaKQm_wxQR4L_VGBD9yt8","operational-confirmed"
"2022-7-0584","SELÇUKHAN HOTEL","Basit Konaklama","OTEL","","ANTALYA","KEMER","ChIJ82hLF6i_wxQRVS7zXvFxyB8","operational-confirmed"
"18610","SENZA GARDEN HOLIDAY CLUB HOTEL","Turizm İşletmesi Belgesi","Tatil Köyü","5 Yıldızlı","ANTALYA","ALANYA","ChIJK_jpf8il3BQRQ_GAmoFTk9Q","operational-confirmed"
"2022-7-0619","SETTE SERENITY OTEL","Basit Konaklama","OTEL","","ANTALYA","ALANYA","ChIJPW6Lg1OY3BQRLS49RLLFcfE","operational-confirmed"
"4365","SEVEN SEAS PALMERAS BAY HOTEL","Turizm İşletmesi Belgesi","Otel","5 Yıldızlı","ANTALYA","ALANYA","ChIJY8LGIV2l3BQReIdj34Pfg1o","operational-confirmed"
"18682","SİMPLY FİNE HOTEL ALİZE","Turizm İşletmesi Belgesi","Otel","4 Yıldızlı","ANTALYA","ALANYA","ChIJt5i7mCyZ3BQR-CvwkOb_gBs","operational-confirmed"
"4919","SİRİUS OTEL","Turizm İşletmesi Belgesi","Otel","4 Yıldızlı","ANTALYA","KEMER","ChIJ7fd4m_GZ3BQRtBZ_j0XWuB4","operational-confirmed"
"8429","SULTAN SİPAHİ RESORT HOTEL","Turizm İşletmesi Belgesi","Otel","4 Yıldızlı","ANTALYA","ALANYA","ChIJ6w4BbJui3BQR8CTSZnHYCBQ","operational-confirmed"
"2022-7-0628","SUN VERA OTEL","Basit Konaklama","OTEL","","ANTALYA","ALANYA","ChIJ_QRhcaCj3BQRT2SH1s_AMhk","operational-confirmed"
"5052","SUNNY HİLL ALYA","Turizm İşletmesi Belgesi","Otel","4 Yıldızlı","ANTALYA","ALANYA","ChIJGyXBuZ2i3BQRH_6s_rljLoo","operational-confirmed"
"11828","TAÇ PREMIER HOTEL & SPA","Turizm İşletmesi Belgesi","Otel","4 Yıldızlı","ANTALYA","ALANYA","ChIJL4Mk4Aqa3BQRP7g9M5NMOWY","operational-confirmed"
"2022-7-0644","TAL BEACH HOTEL","Basit Konaklama","OTEL","","ANTALYA","KEMER","ChIJ4VUrSX25wxQRr_k5eYOj6SA","operational-confirmed"
"2022-7-0568","TEMİZ OTEL","Basit Konaklama","OTEL","","ANTALYA","ALANYA","ChIJJavJKHeY3BQRRoZMz3xwtso","operational-confirmed"
"8591","TİME BEACH OTEL","Turizm İşletmesi Belgesi","Otel","3 Yıldızlı","ANTALYA","ALANYA","ChIJ9dG4HACj3BQRl3qUVC7pG0o","operational-confirmed"
"27393","TOLENZA HOTELS","Turizm İşletmesi Belgesi","Otel","4 Yıldızlı","ANTALYA","ALANYA","ChIJf3KEAkmj3BQRFua5dPQwPQg","operational-confirmed"
"24164","VILLA SUNFLOWER HOTEL","Turizm İşletmesi Belgesi","Otel","4 Yıldızlı","ANTALYA","ALANYA","ChIJcZb12X6Y3BQR1ggAs-ZaYuY","operational-confirmed"
"12023","WHİTE GOLD","Turizm İşletmesi Belgesi","Otel","5 Yıldızlı","ANTALYA","ALANYA","ChIJaYZp0lKY3BQRH65Xcbe28K4","operational-confirmed"
"1459","WIEN STAR OTEL","Turizm İşletmesi Belgesi","Otel","3 Yıldızlı","ANTALYA","ALANYA","ChIJ8WT7G16Y3BQRkRE7q0_DlmE","operational-confirmed"
"12435","XPERIA SARAY BEACH OTEL","Turizm İşletmesi Belgesi","Otel","4 Yıldızlı","ANTALYA","ALANYA","ChIJ_-bFV4Wi3BQR6b_en732VhA","operational-confirmed"
"2022-7-0739","YAMAN LİFE OTEL","Basit Konaklama","OTEL","","ANTALYA","ALANYA","ChIJBZYVR1eY3BQRLolt-VKZjwo","operational-confirmed"
"8641","YILDIRIMOĞLU","Turizm İşletmesi Belgesi","Otel","2 Yıldızlı","ANTALYA","ALANYA","ChIJLXTfuHyY3BQR3t7lefowmDo","operational-confirmed"
