certificateNo,name,documentType,facilityType,facilityClass,city,district,placeId,reason,firstPartySource
"21655","A HOTEL SİDE","Turizm İşletmesi Belgesi","Otel","3 Yıldızlı","ANTALYA","MANAVGAT","ChIJWy7MeRZZwxQR83ISvgQWJLo","operational-confirmed",""
"2022-7-0184","ACAR OTEL","Basit Konaklama","OTEL","","ANTALYA","ALANYA","ChIJ0-G-n1SY3BQR9tvOcLK968s","operational-confirmed",""
"2022-7-1737","ADALİN RESORT OTEL","Basit Konaklama","OTEL","","ANTALYA","KEMER","ChIJOcikYMO3wxQRocYkr09dAnM","operational-confirmed",""
"12603","ADENYA HOTEL & RESORT","Turizm İşletmesi Belgesi","Otel","5 Yıldızlı","ANTALYA","ALANYA","ChIJVyYhCbqv3BQR1HTfx5J3pnk","operational-confirmed",""
"13586","ADİN BEACH RESORT & SPA HOTEL","Turizm İşletmesi Belgesi","Otel","5 Yıldızlı","ANTALYA","ALANYA","ChIJwfuDGaOv3BQRUU2-hx4urrU","operational-confirmed",""
"8974","AKRA V","Turizm İşletmesi Belgesi","Otel","4 Yıldızlı","ANTALYA","MURATPAŞA","ChIJqYvIITSDwxQRyuoO-Xpe5Wk","operational-confirmed",""
"2025","ALAİYE KLEOPATRA OTEL","Turizm İşletmesi Belgesi","Otel","4 Yıldızlı","ANTALYA","ALANYA","ChIJJfo_QYWi3BQR19WayxMqxFs","operational-confirmed",""
"9694","ALANYA BEACH","Turizm İşletmesi Belgesi","Otel","3 Yıldızlı","ANTALYA","ALANYA","ChIJU_0_KgCl3BQRbzzmbciVoPc","operational-confirmed",""
"1352","ALANYA BÜYÜK OTEL","Turizm İşletmesi Belgesi","Otel","4 Yıldızlı","ANTALYA","ALANYA","ChIJwSpey3CY3BQRaXqLcW0enP0","operational-confirmed",""
"2022-7-1106","ALANYA RISUS PARK OTEL","Basit Konaklama","OTEL","","ANTALYA","ALANYA","ChIJu9_R2cKZ3BQRVwLasaaTrwQ","operational-confirmed",""
"20400","ALANYA SUNWAY HOTEL","Turizm İşletmesi Belgesi","Otel","2 Yıldızlı","ANTALYA","ALANYA","ChIJnwibj5yi3BQRgDjMHSxy-Yk","operational-confirmed",""
"20571","ALARCHA HOTEL & RESORTS","Turizm İşletmesi Belgesi","Otel","5 Yıldızlı","ANTALYA","MANAVGAT","ChIJs2m3mWSr3BQRbqawMoJ2MpM","operational-confirmed",""
"2022-7-0379","ALDER GARDEN HOTEL","Basit Konaklama","HOTEL","","ANTALYA","KEMER","ChIJSzD7JLe5wxQRMpQVBSQNcCI","operational-confirmed",""
"23650","ALDER RESORT OTEL","Turizm İşletmesi Belgesi","Otel","4 Yıldızlı","ANTALYA","KEMER","ChIJW5kygDe5wxQRMb6voQOsXjo","operational-confirmed",""
"25517","ALESSIA HOTEL","Turizm İşletmesi Belgesi","Otel","3 Yıldızlı","ANTALYA","MANAVGAT","ChIJB8VV7IVZwxQRXoCDlXkwcio","operational-confirmed",""
"19238","ALGORA HALAL HOTEL","Turizm İşletmesi Belgesi","Otel","4 Yıldızlı","ANTALYA","ALANYA","ChIJXYxdgg-l3BQRMfO5enYFeXo","operational-confirmed",""
"11388","ALİN OTEL","Turizm İşletmesi Belgesi","Otel","3 Yıldızlı","ANTALYA","ALANYA","ChIJ4-n3soeY3BQR-p1oqIOVIsg","operational-confirmed",""
"12110","AMBASSADOR PLAZA","Turizm İşletmesi Belgesi","Otel","4 Yıldızlı","ANTALYA","KEMER","ChIJe1e8dZm3wxQRQ19Skenj97g","operational-confirmed",""
"2022-7-1683","ANİTA DREAM HOTEL","Basit Konaklama","OTEL","","ANTALYA","KEMER","ChIJoxbmoP-3wxQR-vU1QVOg1do","operational-confirmed",""
"4255","ANİTAS OTEL","Turizm İşletmesi Belgesi","Otel","3 Yıldızlı","ANTALYA","ALANYA","ChIJodm7yo-k3BQRjsRZSi0nKvo","operational-confirmed",""
"10469","ANNA QUEEN HOTEL","Turizm İşletmesi Belgesi","Otel","2 Yıldızlı","ANTALYA","ALANYA","ChIJf41tm5yi3BQRKE1jXhl4xz0","operational-confirmed",""
"11955","ANNABELLA DIAMOND HOTEL & SPA","Turizm İşletmesi Belgesi","Otel","4 Yıldızlı","ANTALYA","ALANYA","ChIJe3nkXuWu3BQRU1Ec0X7H6U8","operational-confirmed",""
"22112","ANNABELLA PARK OTEL","Turizm İşletmesi Belgesi","Otel","3 Yıldızlı","ANTALYA","ALANYA","ChIJLwMpdr2v3BQRdv7D-femfyU","operational-confirmed",""
"9115","ANTIQUE ROMAN PALACE","Turizm İşletmesi Belgesi","Otel","5 Yıldızlı","ANTALYA","ALANYA","ChIJgQl_hyu7yhQRJ_VreFWnank","operational-confirmed",""
"20498","ARCANUS TRENDLİNE RESORT SİDE","Turizm İşletmesi Belgesi","Otel","5 Yıldızlı","ANTALYA","MANAVGAT","ChIJQ9j-NrRXwxQRoje2e4Y0hmA","operational-confirmed",""
"2022-7-0638","ARES BLUE OTEL","Basit Konaklama","OTEL","","ANTALYA","KEMER","ChIJF07P9f62wxQRmXqDGAXY9ZE","operational-confirmed",""
"4466","ARİA RESORT & SPA","Turizm İşletmesi Belgesi","Otel","5 Yıldızlı","ANTALYA","ALANYA","ChIJSeI-PYWY3BQR7l_WwN7ilpE","operational-confirmed",""
"2022-7-0172","ARMAS BEACH HOTEL","Basit Konaklama","OTEL","","ANTALYA","KEMER","ChIJF0Y_g4C3wxQRILGsZ2_twQs","operational-confirmed",""
"2022-7-0171","ARMAS GÜL BEACH OTEL","Basit Konaklama","OTEL","","ANTALYA","KEMER","ChIJz6gcviK3wxQRC9r6N27YSTk","operational-confirmed",""
"2022-7-0170","ARMAS GÜL BEACH OTEL","Basit Konaklama","OTEL","","ANTALYA","KEMER","ChIJz6gcviK3wxQRC9r6N27YSTk","operational-confirmed",""
"G_25626","ARMAS KAPLAN PARADISE","Turizm İşletmesi Belgesi","Otel","4 Yıldızlı","ANTALYA","KONYAALTI","ChIJ-2O_Suy1wxQRKczGYbvX87A","operational-confirmed",""
"17954","ARMAS LABADA OTEL","Turizm İşletmesi Belgesi","Otel","4 Yıldızlı","ANTALYA","KEMER","ChIJY5zZLGe2wxQR1nW1fYUCmj0","operational-confirmed",""
"2022-7-1224","ARMAS LİFE  BELEK OTEL","Basit Konaklama","OTEL","","ANTALYA","SERİK","ChIJo_g5Hg1kwxQRQdedypPUA1Q","operational-confirmed",""
"2022-7-0632","ARSİ BLUE BEACH HOTEL","Basit Konaklama","OTEL","","ANTALYA","ALANYA","ChIJ4Rbvw7qZ3BQRaC3pnfi1GZY","operational-confirmed",""
"2022-7-0630","ARSİ ENFİ CITY BEACH OTEL","Basit Konaklama","OTEL","","ANTALYA","ALANYA","ChIJL_aIvmCY3BQRoLqCYisIwL0","operational-confirmed",""
"12114","ASKA JUST IN BEACH HOTEL","Turizm İşletmesi Belgesi","Otel","5 Yıldızlı","ANTALYA","ALANYA","ChIJD9BMGKmv3BQR0cAEqNkS2Ak","operational-confirmed",""
"25204","AVENA MOUNTAIN OTEL","Turizm İşletmesi Belgesi","Otel","3 Yıldızlı","ANTALYA","ALANYA","ChIJmTaNVzuh3BQRtDA_pRMuyOE","operational-confirmed",""
"24043","AVLİON OTEL","Turizm İşletmesi Belgesi","Otel","3 Yıldızlı","ANTALYA","ALANYA","ChIJL-PmWvSj3BQRETxNs8T0CmQ","operational-confirmed",""
"2022-7-0531","AYBEL İNN HOTEL","Basit Konaklama","OTEL","","ANTALYA","KEMER","ChIJ65zMKw6_wxQRq_KJ3vHDlNw","operational-confirmed",""
"2022-7-1130","AYSEV OTEL","Basit Konaklama","OTEL","","ANTALYA","ALANYA","ChIJW9-0Z5ui3BQRyTVKUDLfofc","operational-confirmed",""
"2022-7-1648","AYSU TUNÇ HOTEL","Basit Konaklama","HOTEL","","ANTALYA","KEMER","ChIJ_0iFCwC_wxQRXSbZlB7g95E","operational-confirmed",""
"7379","AZAK BEACH OTEL","Turizm İşletmesi Belgesi","Otel","3 Yıldızlı","ANTALYA","ALANYA","ChIJT7SmK5ui3BQR2WzD-XREde8","operational-confirmed",""
"10945","AZAK OTEL","Turizm İşletmesi Belgesi","Otel","3 Yıldızlı","ANTALYA","ALANYA","ChIJX2aDUIWi3BQRrvRtHs6saiY","operational-confirmed",""
"25223","AZURA WORLD OTEL","Turizm İşletmesi Belgesi","Otel","5 Yıldızlı","ANTALYA","ALANYA","ChIJscB1uhal3BQRRWsvf2nez1E","operational-confirmed",""
"2546","BAIA SALİMA KEMER","Turizm İşletmesi Belgesi","Tatil Köyü","5 Yıldızlı","ANTALYA","KEMER","ChIJDYNqkyW_wxQR8RVK7AiZOkQ","operational-confirmed",""
"3307","BALIK OTEL","Turizm İşletmesi Belgesi","Otel","3 Yıldızlı","ANTALYA","ALANYA","ChIJU1-2jYyi3BQRrenT-RkXW-k","operational-confirmed",""
"21714","BALMY BEACH RESORT KEMER","Turizm İşletmesi Belgesi","Otel","3 Yıldızlı","ANTALYA","KEMER","ChIJ8fevahm3wxQR9b45G8zlIdc","operational-confirmed",""
"2615","BALMY FORESTA","Turizm İşletmesi Belgesi","Otel","5 Yıldızlı","ANTALYA","KEMER","ChIJj_o1awC_wxQRJtG4gli3Ucg","operational-confirmed",""
"2022-7-0246","BARIŞCAN OTEL","Basit Konaklama","OTEL","","ANTALYA","ALANYA","ChIJ5xhxNQOa3BQR1dIILgmUlKQ","operational-confirmed",""
"12184","BARUT B SUITES","Turizm İşletmesi Belgesi","Otel","4 Yıldızlı","ANTALYA","MANAVGAT","ChIJj4JtNs9ewxQRVVV9vrd5M0k","operational-confirmed",""
"23621","BARUT GOIA OTEL","Turizm İşletmesi Belgesi","Otel","5 Yıldızlı","ANTALYA","MANAVGAT","ChIJA5EV5IZZwxQRIXKH2PGKl1w","operational-confirmed",""
"8450","BEACH CLUB DOĞANAY OTEL","Turizm İşletmesi Belgesi","Otel","5 Yıldızlı","ANTALYA","ALANYA","ChIJO6L6K3Cj3BQRFTs2Bswtk0g","operational-confirmed",""
"2022-7-1544","BEGONYA HOTEL","Basit Konaklama","HOTEL","","ANTALYA","KEMER","ChIJ_2uZlbdZwxQR96nRbnYoKzk","operational-confirmed",""
"2022-7-1105","BELCAN HOTEL","Basit Konaklama","OTEL","","ANTALYA","KEMER","ChIJZ6omQJy_wxQRMFSSknVsVIg","operational-confirmed",""
"G_26130","BELENLİ RESORT HOTEL BELEK","Turizm İşletmesi Belgesi","Otel","4 Yıldızlı","ANTALYA","SERİK","ChIJORx1u2B7wxQRfzV3Qy7L0Lw","operational-confirmed",""
"2022-7-0779","BELKON HOTEL","Basit Konaklama","OTEL","","ANTALYA","SERİK","ChIJo15LL-N7wxQRjUhUlFhzdYw","operational-confirmed",""
"27357","BELLA RESORT &SPA","Turizm İşletmesi Belgesi","Otel","5 Yıldızlı","ANTALYA","MANAVGAT","ChIJIftI4V1ewxQR5xTPKloFVug","operational-confirmed",""
"2022-7-1376","BELPOINT BEACH HOTEL","Basit Konaklama","OTEL","","ANTALYA","KEMER","ChIJpSo0J6O3wxQRrSQGKx9gGrY","operational-confirmed",""
"2022-7-1758","BELSEA HOTEL","Basit Konaklama","OTEL","","ANTALYA","KEMER","ChIJARV81e2_wxQRguCgLAN3LC8","operational-confirmed",""
"2022-7-0461","BELSUN HOTEL","Basit Konaklama","OTEL","","ANTALYA","KEMER","ChIJQUy7C9y_wxQR_OWxvJbqqas","operational-confirmed",""
"26309","BERRY BLUE HOTEL","Turizm İşletmesi Belgesi","Otel","4 Yıldızlı","ANTALYA","MANAVGAT","ChIJo-Ty9MZZwxQR6m46ox551JU","operational-confirmed",""
"2022-7-1266","BEST HOUSE OTEL","Basit Konaklama","OTEL","","ANTALYA","ALANYA","ChIJh0L7YISi3BQRPVumZqmi0Qw","operational-confirmed",""
"2022-7-1388","BEYAZ SARAY OTEL","Basit Konaklama","OTEL","","ANTALYA","MANAVGAT","ChIJO_jrCplZwxQRTGlzgiA2bbM","operational-confirmed",""
"11517","BİENO CLUB SVS HOTEL","Turizm İşletmesi Belgesi","Otel","4 Yıldızlı","ANTALYA","ALANYA","ChIJVVo-ze2R3BQRBq7_8DmzR1A","operational-confirmed",""
"G_25724","BİENO VENÜS HOTEL","Turizm İşletmesi Belgesi","Otel","4 Yıldızlı","ANTALYA","MANAVGAT","ChIJzxcWzMlnwRQRV6BdjiiZDe4","operational-confirmed",""
"20132","BİLEM HOTEL","Turizm İşletmesi Belgesi","Otel","4 Yıldızlı","ANTALYA","MURATPAŞA","ChIJ9QFoLv-bwxQRx0gDCplxVs0","operational-confirmed",""
"25032","BİRPA KUNDU OTEL","Turizm İşletmesi Belgesi","Otel","2 Yıldızlı","ANTALYA","MURATPAŞA","ChIJhVXvFUaDwxQRO_sTxp_V-ZU","operational-confirmed",""
"27253","Black Royal Belek","Turizm İşletmesi Belgesi","Otel","3 Yıldızlı","ANTALYA","SERİK","ChIJ7R4mgrdlwxQRgySTIFSRYok","operational-confirmed",""
"2863","BLUE DIAMOND ALYA HOTEL","Turizm İşletmesi Belgesi","Otel","4 Yıldızlı","ANTALYA","ALANYA","ChIJ2VD-UAuZ3BQRpfCRFiPHH2Y","operational-confirmed",""
"2022-7-1144","BLUE DREAM HOTEL","Basit Konaklama","OTEL","","ANTALYA","ALANYA","ChIJNRioU16Y3BQR8mT0PGX_oXg","operational-confirmed",""
"11069","BLUE FİSH OTEL","Turizm İşletmesi Belgesi","Otel","4 Yıldızlı","ANTALYA","ALANYA","ChIJq4EFzW-j3BQRIBl03jtESbo","operational-confirmed",""
"G_26416","BLUE MORE SUİTE  HOTEL","Turizm İşletmesi Belgesi","Otel","1 Yıldızlı","ANTALYA","KONYAALTI","ChIJySwoXiKRwxQRUIvmmesZW8M","operational-confirmed",""
"10048","BLUE STAR OTEL","Turizm İşletmesi Belgesi","Otel","4 Yıldızlı","ANTALYA","ALANYA","ChIJLxwW1oei3BQRaOOC-eJEN4k","operational-confirmed",""
"2687","BOULEVARD OTEL","Turizm İşletmesi Belgesi","Otel","4 Yıldızlı","ANTALYA","ALANYA","ChIJoUryEmSY3BQRdGmvKjfWfvs","operational-confirmed",""
"8689","CALIDO SOL HOTEL","Turizm İşletmesi Belgesi","Otel","5 Yıldızlı","ANTALYA","ALANYA","ChIJi1AT6Oes3BQRzsyCZ2mnCeY","operational-confirmed",""
"15758","CALİDO MARİS","Turizm İşletmesi Belgesi","Otel","5 Yıldızlı","ANTALYA","MANAVGAT","ChIJOcRmqDlTwxQRHOPzlqucAKE","operational-confirmed",""
"20179","CAMPUS HİLL OTEL","Turizm İşletmesi Belgesi","Otel","5 Yıldızlı","ANTALYA","ALANYA","ChIJoeJxs5WZ3BQRmDFaxaihit0","operational-confirmed",""
"11604","CAN GARDEN RESORT OTEL","Turizm İşletmesi Belgesi","Otel","5 Yıldızlı","ANTALYA","MANAVGAT","ChIJX4LJIO9ewxQRMvlAIN_j6Rc","operational-confirmed",""
"4612","CARETTA BEACH OTEL","Turizm İşletmesi Belgesi","Otel","4 Yıldızlı","ANTALYA","ALANYA","ChIJGzNDqXCk3BQRhEyngEAp5Ls","operational-confirmed",""
"6759","CARETTA RELAX OTEL","Turizm İşletmesi Belgesi","Otel","4 Yıldızlı","ANTALYA","ALANYA","ChIJJ6YYf_Ok3BQR8AvJ5tnFUuM","operational-confirmed",""
"2022-7-1805","CASATIVO HOTELS","Basit Konaklama","OTEL","","ANTALYA","MURATPAŞA","ChIJ9wS5xQybwxQRAXDg4EceCKI","operational-confirmed",""
"26458","CASTELLO BY MEDITERRA HOTEL","Turizm İşletmesi Belgesi","Otel","3 Yıldızlı","ANTALYA","ALANYA","ChIJr0O9QQCZ3BQR9xjLEReEn0w","operational-confirmed",""
"2022-7-0601","CASTLE PARK HOTEL","Basit Konaklama","OTEL","","ANTALYA","KEMER","ChIJmyx0s26_wxQRhnG9YIXnsQ4","operational-confirmed",""
"8979","CATAMARAN","Turizm İşletmesi Belgesi","Otel","5 Yıldızlı","ANTALYA","KEMER","ChIJTVVVVZK3wxQRPJ_uQXBaJJ8","operational-confirmed",""
"2022-7-1075","CITY OTEL AMBASSADOR","Basit Konaklama","OTEL","","ANTALYA","KEMER","ChIJea_Y3mO3wxQRW39fVYFutW0","operational-confirmed",""
"26377","CİTRUS URBAN HOTEL","Turizm İşletmesi Belgesi","Otel","2 Yıldızlı","ANTALYA","KONYAALTI","ChIJCcuAY6CRwxQRialR5JgHk8c","operational-confirmed",""
"2022-7-0964","CİTY OTEL AMBASSADOR","Basit Konaklama","OTEL","","ANTALYA","KEMER","ChIJea_Y3mO3wxQRW39fVYFutW0","operational-confirmed",""
"20717","CLEOPATRA GOLDEN BEACH OTEL","Turizm İşletmesi Belgesi","Otel","4 Yıldızlı","ANTALYA","ALANYA","ChIJVVUJSHWa3BQRTfppPNlkOY4","operational-confirmed",""
"11006","CLUB  OTEL  RAMA","Turizm İşletmesi Belgesi","Otel","2 Yıldızlı","ANTALYA","KEMER","ChIJQ3z6MtS4wxQRqmSv2jkfwKM","operational-confirmed",""
"17987","CLUB BIG BLUE SUITE HOTEL","Turizm İşletmesi Belgesi","Otel","4 Yıldızlı","ANTALYA","ALANYA","ChIJ7Wr6M1aY3BQRUBqEr53ga_M","operational-confirmed",""
"4497","CLUB BORAN MARE BEACH","Turizm İşletmesi Belgesi","Tatil Köyü","5 Yıldızlı","ANTALYA","KEMER","ChIJBZzOh_q4wxQRmdkYA2aDMgM","operational-confirmed",""
"8560","CLUB DİZALYA","Turizm İşletmesi Belgesi","Otel","4 Yıldızlı","ANTALYA","ALANYA","ChIJRYMpWnal3BQRULePBbcaupk","operational-confirmed",""
"6448","CLUB GRAND SİDE","Turizm İşletmesi Belgesi","Otel","5 Yıldızlı","ANTALYA","MANAVGAT","ChIJXf6cj_FewxQRqltZ7X7F4xM","operational-confirmed",""
"2022-7-0581","CLUB HOTEL BELPINAR","Basit Konaklama","OTEL","","ANTALYA","KEMER","ChIJYz2GEai_wxQRxsq_Y4ePBGI","operational-confirmed",""
"11102","CLUB HOTEL SUNBEL","Turizm İşletmesi Belgesi","Otel","1 Yıldızlı","ANTALYA","KEMER","ChIJlxaOCiO_wxQR1PM5s3_diX4","operational-confirmed",""
"3676","CLUB HOTEL TURAN PRİNCE WORLD","Turizm İşletmesi Belgesi","Otel","4 Yıldızlı","ANTALYA","MANAVGAT","ChIJexkPXtBe2xQRUXvSC4so7TE","operational-confirmed",""
"1497","CLUB KASTALIA","Turizm İşletmesi Belgesi","Tatil Köyü","5 Yıldızlı","ANTALYA","ALANYA","ChIJ3cid1oyk3BQRsjP5JrR0WRA","operational-confirmed",""
"13254","CLUB MARAKESH BEACH HOTEL","Turizm İşletmesi Belgesi","Otel","3 Yıldızlı","ANTALYA","KEMER","ChIJ8bmrKUe_wxQRDE2cBP4E39U","operational-confirmed",""
"12870","CLUB MARCO POLO","Turizm İşletmesi Belgesi","Tatil Köyü","5 Yıldızlı","ANTALYA","KEMER","ChIJNw2cNQDJwxQRS_ez5kWkdY4","operational-confirmed",""
"4407","CLUB NENA","Turizm İşletmesi Belgesi","Tatil Köyü","5 Yıldızlı","ANTALYA","MANAVGAT","ChIJX74wAP9TwxQRGdeOITY1prk","operational-confirmed",""
"14377","CLUB OTEL MERMAID VILLAGE","Turizm İşletmesi Belgesi","Otel","4 Yıldızlı","ANTALYA","ALANYA","ChIJ44qVyoKk3BQRxOxhmT1z8dI","operational-confirmed",""
"24499","CLUB PARADİSO HOTEL","Turizm İşletmesi Belgesi","Otel","3 Yıldızlı","ANTALYA","ALANYA","ChIJcx0tdIGZ3BQRCpHgtd3W_VM","operational-confirmed",""
"26021","CLUB SİDE COAST HOTEL","Turizm İşletmesi Belgesi","Otel","3 Yıldızlı","ANTALYA","MANAVGAT","ChIJi9zMyMNewxQRbKRBQULtx_I","operational-confirmed",""
"16186","CLUB SİDE COAST OTEL","Turizm İşletmesi Belgesi","Otel","4 Yıldızlı","ANTALYA","MANAVGAT","ChIJi9zMyMNewxQRbKRBQULtx_I","operational-confirmed",""
"15370","CLUB TESS OTEL","Turizm İşletmesi Belgesi","Otel","4 Yıldızlı","ANTALYA","ALANYA","ChIJA_D2hvmk3BQR6SvRU6cVQw8","operational-confirmed",""
"17129","CONCORDİA CELES","Turizm İşletmesi Belgesi","Otel","5 Yıldızlı","ANTALYA","ALANYA","ChIJdyUU8-as3BQR937Rx3E85JI","operational-confirmed",""
"7111","CORENDON HYDROS CLUB KEMER","Turizm İşletmesi Belgesi","Otel","5 Yıldızlı","ANTALYA","KEMER","ChIJUU-8hZq3wxQRZtllIcLJwmg","operational-confirmed",""
"9347","ÇAMYUVA BEACH HOTEL","Turizm İşletmesi Belgesi","Otel","4 Yıldızlı","ANTALYA","KEMER","ChIJf_saTGa2wxQRrH0iHKFrDJA","operational-confirmed",""
"10701","ÇENGER BEACH RESORT OTEL","Turizm İşletmesi Belgesi","Otel","5 Yıldızlı","ANTALYA","MANAVGAT","ChIJU_peCp5XwxQRh6ps93LHuR0","operational-confirmed",""
"14299","DAİMA BİZ HOTEL","Turizm İşletmesi Belgesi","Otel","5 Yıldızlı","ANTALYA","KEMER","ChIJv80aCFi2wxQRK4DtXCX_cPo","operational-confirmed",""
"20812","Day One Beach Resort Hotel","Turizm İşletmesi Belgesi","Butik Otel","","ANTALYA","ALANYA","ChIJISRzG1qY3BQRq_tjH1_k5cw","operational-confirmed",""
"2022-7-1110","DEDEMAN KEMER RESORT","Basit Konaklama","OTEL","","ANTALYA","KEMER","ChIJ26Pj-VW3wxQRBMXkIygG888","operational-confirmed",""
"7763","DEFNE DREAM","Turizm İşletmesi Belgesi","Otel","4 Yıldızlı","ANTALYA","MANAVGAT","ChIJX-JRGEdHdkAR7gXlKAGAT60","operational-confirmed",""
"11050","DEFNE GARDEN","Turizm İşletmesi Belgesi","Otel","4 Yıldızlı","ANTALYA","MANAVGAT","ChIJgymPDjVZwxQRd5T0oJwQqro","operational-confirmed",""
"15217","DELTA HOTELS BY MARRİOTT ANTALYA LARA","Turizm İşletmesi Belgesi","Otel","5 Yıldızlı","ANTALYA","MURATPAŞA","ChIJK5r80CybwxQRZrc45UnFN_s","operational-confirmed",""
"2022-7-1071","DELUXE ERSOY HOTEL","Basit Konaklama","HOTEL","","ANTALYA","MURATPAŞA","ChIJBU3hiweRwxQROdu_aIFBjIo","operational-confirmed",""
"2022-7-0541","DENİZ HOTEL","Basit Konaklama","OTEL","","ANTALYA","KONYAALTI","ChIJ875pJQp8wxQRf8DtGaLOhMg","operational-confirmed",""
"12874","DIAMOND HILL RESORT","Turizm İşletmesi Belgesi","Otel","5 Yıldızlı","ANTALYA","ALANYA","ChIJo8IlGQCZ3BQRJnU0-hC1RKc","operational-confirmed",""
"2022-7-0091","DIAMORE HOTEL","Basit Konaklama","HOTEL","","ANTALYA","ALANYA","ChIJlw1uVQaQwxQRJXjiLlvpMfQ","operational-confirmed",""
"25842","DİAMOND EXCELLENCE RESORT & SPA HOTEL","Turizm İşletmesi Belgesi","Otel","5 Yıldızlı","ANTALYA","MANAVGAT","ChIJIb9CrUJewxQRmImBZK_UWwU","operational-confirmed",""
"15641","DİAMOND PREMİUM HOTEL","Turizm İşletmesi Belgesi","Otel","5 Yıldızlı","ANTALYA","MANAVGAT","ChIJF2mtcUtXwxQRyo65MLo5LV8","operational-confirmed",""
"13152","DİZALYA PALM GARDEN OTEL","Turizm İşletmesi Belgesi","Otel","5 Yıldızlı","ANTALYA","ALANYA","ChIJW4912o6k3BQRJNJw5tpcQik","operational-confirmed",""
"9284","DOBEDAN EXCLUSİVE HOTEL BELEK","Turizm İşletmesi Belgesi","Otel","5 Yıldızlı","ANTALYA","SERİK","ChIJccqd4XJkwxQRd1Bgc9kaSWY","operational-confirmed",""
"13646","DOBEDAN WORLD PALACE KEMER","Turizm İşletmesi Belgesi","Otel","5 Yıldızlı","ANTALYA","KEMER","ChIJi4YgNPy2wxQR9YRhKbRueBs","operational-confirmed",""
"G_25679","DOSINIA LUXURY RESORT","Turizm İşletmesi Belgesi","Otel","5 Yıldızlı","ANTALYA","KEMER","ChIJHYRgoKK4wxQRMMtLDts2qnE","operational-confirmed",""
"13680","DOSİ OTEL","Turizm İşletmesi Belgesi","Otel","4 Yıldızlı","ANTALYA","MANAVGAT","ChIJUa5lDrDmn0ARsQQGxBA0q3o","operational-confirmed",""
"20583","DREAM WATER WORLD","Turizm İşletmesi Belgesi","Otel","5 Yıldızlı","ANTALYA","MANAVGAT","ChIJT0umQiZZwxQRlvAd2w3CGPE","operational-confirmed",""
"20566","DREAM WORLD PALACE HOTEL","Turizm İşletmesi Belgesi","Otel","5 Yıldızlı","ANTALYA","MANAVGAT","ChIJIfhjJQZfwxQRf58Dw8CPyUE","operational-confirmed",""
"13821","DREAM WORLD RESORT HOTEL & SPA","Turizm İşletmesi Belgesi","Otel","5 Yıldızlı","ANTALYA","MANAVGAT","ChIJc32DQ8xewxQRqmb14jXD6ew","operational-confirmed",""
"12642","DRİTA OTEL","Turizm İşletmesi Belgesi","Otel","5 Yıldızlı","ANTALYA","ALANYA","ChIJW4A4iI6Q3BQRm13U9D8OudY","operational-confirmed",""
"2022-7-1491","EDEM FLOWER OTEL","Basit Konaklama","OTEL","","ANTALYA","KEMER","ChIJwxjurgq3wxQRE6R3b_hWnAE","operational-confirmed",""
"23885","EFTALIA BLUE HOTEL","Turizm İşletmesi Belgesi","Otel","5 Yıldızlı","ANTALYA","ALANYA","ChIJd2_lQ-al3BQRN87fQpAsXlI","operational-confirmed",""
"14630","EFTALIA MARIN RESORT OTEL","Turizm İşletmesi Belgesi","Otel","5 Yıldızlı","ANTALYA","ALANYA","ChIJb9ljZL6RwxQRmyntWM67mjk","operational-confirmed",""
"15846","EFTALIA OCEAN","Turizm İşletmesi Belgesi","Otel","5 Yıldızlı","ANTALYA","ALANYA","ChIJ____tGSl3BQRDfqfCTmx3eQ","operational-confirmed",""
"17537","ELAMIR RESORT HOTEL","Turizm İşletmesi Belgesi","Otel","4 Yıldızlı","ANTALYA","KEMER","ChIJPUvH3iVZwxQR6hlp5Hz7V-A","operational-confirmed",""
"2022-7-1478","ELIJAH HOTEL","Basit Konaklama","OTEL","","ANTALYA","KEMER","ChIJAQBA6KC3wxQR44rvPYW5LBw","operational-confirmed",""
"2022-7-0444","ELİT LİFE HOTEL","Basit Konaklama","OTEL","","ANTALYA","KEMER","ChIJc-Aya2a2wxQRc9TWqQiCJmM","operational-confirmed",""
"9585","ELYSEE BEACH","Turizm İşletmesi Belgesi","Otel","3 Yıldızlı","ANTALYA","ALANYA","ChIJE4NxSYWi3BQRdvNbIyeVJWw","operational-confirmed",""
"3204","ELYSEE RIVE","Turizm İşletmesi Belgesi","Otel","4 Yıldızlı","ANTALYA","ALANYA","ChIJEeo3YF6Y3BQRX-znFYNadgA","operational-confirmed",""
"27397","EMELDA SUN CLUB","Turizm İşletmesi Belgesi","Tatil Köyü","5 Yıldızlı","ANTALYA","KEMER","ChIJA9MW0G-2wxQRqaWWykx-v_Y","operational-confirmed",""
"2022-7-1149","EN VIE BEACH OTEL","Basit Konaklama","OTEL","","ANTALYA","ALANYA","ChIJxWfVn3-i3BQRVZHWa601OFU","operational-confirmed",""
"26111","EOS BEACH HOTEL","Turizm İşletmesi Belgesi","Otel","4 Yıldızlı","ANTALYA","ALANYA","ChIJs46WYKil3BQRx-iAPvWkctw","operational-confirmed",""
"2022-7-1188","ERGÜN OTEL","Basit Konaklama","OTEL","","ANTALYA","ALANYA","ChIJa26zg7yRwxQRGqK76ibcSak","operational-confirmed",""
"2022-7-0535","ERKAL RESORT HOTEL","Basit Konaklama","OTEL","","ANTALYA","KEMER","ChIJx4rO0423wxQRqUWuaj8Ww04","operational-confirmed",""
"2022-7-1092","ERSAN OTEL","Basit Konaklama","OTEL","","ANTALYA","MANAVGAT","ChIJnaIoTdZZwxQRglCeRAMuA6g","operational-confirmed",""
"12032","ESMA CLOVE RESORT","Turizm İşletmesi Belgesi","Otel","3 Yıldızlı","ANTALYA","KEMER","ChIJXW-0IvW3wxQRaMOlW-zi5hQ","operational-confirmed",""
"G_25972","EUROPA ŞELALE HOTEL","Turizm İşletmesi Belgesi","Otel","3 Yıldızlı","ANTALYA","KONYAALTI","ChIJxexh46SRwxQRmo9DZcOdkpI","operational-confirmed",""
"6239","FAME BEACH HOTEL","Turizm İşletmesi Belgesi","Otel","3 Yıldızlı","ANTALYA","KEMER","ChIJ6URHQpm3wxQRkK1I-AC2_Ok","operational-confirmed",""
"2022-7-0525","FAME OTEL","Basit Konaklama","OTEL","","ANTALYA","KEMER","ChIJPe21FuKPwxQRCctfj10tH1I","operational-confirmed",""
"16174","FAME RESİDENCE GÖYNÜK OTEL","Turizm İşletmesi Belgesi","Otel","4 Yıldızlı","ANTALYA","KEMER","ChIJ93La3_a4wxQRKeWDxVkSWhk","operational-confirmed",""
"23071","FASHIONTV LUXE RESORT","Turizm İşletmesi Belgesi","Otel","5 Yıldızlı","ANTALYA","KEMER","ChIJe523-1u5wxQRVhqzv2Cd8w4","operational-confirmed",""
"6450","FEBEACH OTEL","Turizm İşletmesi Belgesi","Otel","4 Yıldızlı","ANTALYA","MANAVGAT","ChIJyZpwOHxZwxQRQ7WXtbsojcA","operational-confirmed",""
"2022-7-1495","FORE RESORT OTEL","Basit Konaklama","OTEL","","ANTALYA","KEMER","ChIJgQMEJ-u3wxQRv0NwB0_HAhQ","operational-confirmed",""
"10021","FOREST PARK","Turizm İşletmesi Belgesi","Otel","3 Yıldızlı","ANTALYA","KEMER","ChIJQYoJsKS3wxQRFZc6fR4FigQ","operational-confirmed",""
"2022-7-1467","FUN SUN SMART AKMAN BEACH","Basit Konaklama","OTEL","","ANTALYA","KEMER","ChIJTYrmjXa2wxQRghj3_7V6mHA","operational-confirmed",""
"11558","FUN SUN SMART LUREA BEACH","Turizm İşletmesi Belgesi","Otel","3 Yıldızlı","ANTALYA","KEMER","ChIJgQsBh_a3wxQR_gDkuNOwMQU","operational-confirmed",""
"8424","GALAXY BEACH","Turizm İşletmesi Belgesi","Otel","4 Yıldızlı","ANTALYA","ALANYA","ChIJi4cWtqCQ3BQRbKUGCCG4Lu4","operational-confirmed",""
"5153","GALERİ RESORT HOTEL","Turizm İşletmesi Belgesi","Otel","5 Yıldızlı","ANTALYA","ALANYA","ChIJq6qq6jCs3BQRVyzIAM2FEVU","operational-confirmed",""
"G_25248","GARDEN PARK BELDİBİ HOTEL","Turizm İşletmesi Belgesi","Otel","3 Yıldızlı","ANTALYA","KEMER","ChIJjTw9zw-_wxQR9juwSbulWt8","operational-confirmed",""
"6055","GARDENIA BEACH OTEL","Turizm İşletmesi Belgesi","Otel","4 Yıldızlı","ANTALYA","ALANYA","ChIJgdpKYf6s3BQRhIs4jF8PluQ","operational-confirmed",""
"2455","GARDENİA","Turizm İşletmesi Belgesi","Otel","4 Yıldızlı","ANTALYA","ALANYA","ChIJCSz315qi3BQR_9sDWLLO-Fk","operational-confirmed",""
"9590","GOLDEN LOTUS","Turizm İşletmesi Belgesi","Otel","4 Yıldızlı","ANTALYA","KEMER","ChIJR2Id2Ju3wxQRq_UFI1ZVzVM","operational-confirmed",""
"2022-7-1280","GRAF VİCTOR OTEL","Basit Konaklama","OTEL","","ANTALYA","ALANYA","ChIJ13MZLYSZ3BQR8n5a5GmSlmM","operational-confirmed",""
"24970","GRANADA LUXURY RED","Turizm İşletmesi Belgesi","Otel","5 Yıldızlı","ANTALYA","ALANYA","ChIJFehGPViv3BQR8rOmpCeIQTg","operational-confirmed",""
"23985","GRAND CORTEZ RESORT HOTEL & SPA","Turizm İşletmesi Belgesi","Otel","4 Yıldızlı","ANTALYA","ALANYA","ChIJ8wqiCS-l3BQReaww-Ace6ls","operational-confirmed",""
"2021-7-0026","GRAND HOTEL DERİN","Basit Konaklama","OTEL","","ANTALYA","KEMER","ChIJLU5PcBe_wxQRuHcBONbyvvE","operational-confirmed",""
"G_25152","GRAND MİR'AMOR HOTEL & SPA","Turizm İşletmesi Belgesi","Otel","5 Yıldızlı","ANTALYA","KEMER","ChIJMTPuVwC3wxQRCWkjeg4QJvg","operational-confirmed",""
"2022-7-0530","GRAND NAR OTEL","Basit Konaklama","OTEL","","ANTALYA","KEMER","ChIJ-2_iU6S3wxQRJvBpr80g-3c","operational-confirmed",""
"2022-7-0467","GRAND VİKİNG","Basit Konaklama","OTEL","","ANTALYA","KEMER","ChIJP2NKq6W3wxQRxJFxdlxuwZg","operational-confirmed",""
"12464","GRAND ZAMAN GARDEN OTEL","Turizm İşletmesi Belgesi","Otel","4 Yıldızlı","ANTALYA","ALANYA","ChIJrdxPlgua3BQR7f-0AYUVPLQ","operational-confirmed",""
"2022-7-1292","GÜL MOUNTAIN HOTEL","Basit Konaklama","HOTEL","","ANTALYA","KEMER","ChIJyR1dmv3FwxQRVsuAjUJCTi4","operational-confirmed",""
"4501","GÜLERYÜZ 2 OTEL","Turizm İşletmesi Belgesi","Otel","2 Yıldızlı","ANTALYA","MURATPAŞA","ChIJkeRXvYViwxQRxoS1Ny6O6R0","operational-confirmed",""
"2022-7-0509","GÜNDÜZ OTEL","Basit Konaklama","OTEL","","ANTALYA","KONYAALTI","ChIJ25Plb6SRwxQRXFBDHhVtGfU","operational-confirmed",""
"3756","GYPSOPHILA CLUB MARINE","Turizm İşletmesi Belgesi","Tatil Köyü","5 Yıldızlı","ANTALYA","KEMER","ChIJW27GEvbIwxQRRCq4LT1_BjY","operational-confirmed",""
"9216","HANE FAMİLY RESORT","Turizm İşletmesi Belgesi","Otel","4 Yıldızlı","ANTALYA","MANAVGAT","ChIJvfIajjhZwxQR6kW50l91YB0","operational-confirmed",""
"26773","HARE HOTEL","Turizm İşletmesi Belgesi","Otel","1 Yıldızlı","ANTALYA","ALANYA","ChIJ1b7kqguO3BQRXLF0tdUUMp4","operational-confirmed",""
"2022-7-0545","HAWAII SUITE BEACH OTEL","Basit Konaklama","OTEL","","ANTALYA","ALANYA","ChIJuW-aHl6Y3BQRm8cg6E5OeEk","operational-confirmed",""
"25806","HEDEF BEACH HOTEL","Turizm İşletmesi Belgesi","Otel","4 Yıldızlı","ANTALYA","ALANYA","ChIJsQb9-_Kk3BQRIq5eSdORfi4","operational-confirmed",""
"2022-7-0456","HEDEF RESORT OTEL","Basit Konaklama","OTEL","","ANTALYA","ALANYA","ChIJl2fJLACl3BQRRn0emyDWXpA","operational-confirmed",""
"2022-7-0557","HİLAL OTEL","Basit Konaklama","OTEL","","ANTALYA","ALANYA","ChIJf0UNGY-i3BQRnxPQ7U5R8OA","operational-confirmed",""
"12490","HOTEL GOLDEN SUN","Turizm İşletmesi Belgesi","Otel","3 Yıldızlı","ANTALYA","KEMER","ChIJM6oDiBe_wxQR1BHumrwC-qE","operational-confirmed",""
"3073","HOTEL ÖZKAYMAK","Turizm İşletmesi Belgesi","Otel","5 Yıldızlı","ANTALYA","ALANYA","ChIJGRrpPIWY3BQRCxOzOHfMWpo","operational-confirmed",""
"22533","IN THE MIDDLE","Turizm İşletmesi Belgesi","Otel","2 Yıldızlı","ANTALYA","MURATPAŞA","ChIJ5f6lBamRwxQR0uxMvAHu3s8","operational-confirmed",""
"3494","INSULA RESORT&SPA","Turizm İşletmesi Belgesi","Otel","5 Yıldızlı","ANTALYA","ALANYA","ChIJZzlW23iRwxQRDUQBk-Igv_M","operational-confirmed",""
"2022-7-1273","İLLUSİON BEACH CLUB HOTEL","Basit Konaklama","OTEL","","ANTALYA","ALANYA","ChIJARtI_AKj3BQRGN70Yc2ggnI","operational-confirmed",""
"4103","İNCEKUM WEST OTEL","Turizm İşletmesi Belgesi","Otel","4 Yıldızlı","ANTALYA","ALANYA","ChIJ6zs6zcW9vxQR6Fz19wPhmK4","operational-confirmed",""
"13683","İZ FLOWER SİDE BEACH HOTEL","Turizm İşletmesi Belgesi","Otel","4 Yıldızlı","ANTALYA","MANAVGAT","ChIJrVDR5jVZwxQR6uAwz-7Zo6E","operational-confirmed",""
"17916","JUSTINIANO THEODORA OTEL","Turizm İşletmesi Belgesi","Otel","3 Yıldızlı","ANTALYA","ALANYA","ChIJ_zboDVWs3BQR3DzNt5a-hbE","operational-confirmed",""
"19927","JUSTİNİANO PARK CONTİ OTEL","Turizm İşletmesi Belgesi","Otel","5 Yıldızlı","ANTALYA","ALANYA","ChIJ93obnf2s3BQRirZU6DCxJZ8","operational-confirmed",""
"9019","KADEER HOTEL","Turizm İşletmesi Belgesi","Otel","3 Yıldızlı","ANTALYA","ALANYA","ChIJtVCnTGOZ3BQRh7-PKhTajN4","operational-confirmed",""
"11547","KAHYA OTEL","Turizm İşletmesi Belgesi","Otel","4 Yıldızlı","ANTALYA","ALANYA","ChIJu7f-jXOl3BQRk-v6WyP5rV8","operational-confirmed",""
"13686","KAİA CORACESİUM","Turizm İşletmesi Belgesi","Otel","4 Yıldızlı","ANTALYA","ALANYA","ChIJw6oJyE-l3BQRM9FtT9mr-6U","operational-confirmed",""
"16205","KAİLA BEACH HOTEL","Turizm İşletmesi Belgesi","Otel","5 Yıldızlı","ANTALYA","ALANYA","ChIJq6ouu62Z3BQRmBuOsH4aqqY","operational-confirmed",""
"4698","KAİLA KRİZANTEM OTEL","Turizm İşletmesi Belgesi","Otel","4 Yıldızlı","ANTALYA","ALANYA","ChIJM0S4plOY3BQRKXv2fiBeUao","operational-confirmed",""
"19848","KANDELOR OTEL","Turizm İşletmesi Belgesi","Otel","4 Yıldızlı","ANTALYA","ALANYA","ChIJMZDcp4eY3BQRx0j6UC4YRE8","operational-confirmed",""
"14330","KARMİR RESORT & SPA HOTEL","Turizm İşletmesi Belgesi","Otel","5 Yıldızlı","ANTALYA","KEMER","ChIJ8wAAAPC4wxQR4VbkdcjqxUg","operational-confirmed",""
"2022-7-1322","KELEBEK OTEL","Basit Konaklama","OTEL","","ANTALYA","MANAVGAT","ChIJGee7Y7pZwxQRDWeyFy9QLt0","operational-confirmed",""
"12200","KEMER DREAM OTEL","Turizm İşletmesi Belgesi","Otel","4 Yıldızlı","ANTALYA","KEMER","ChIJQ08eWZC3wxQR1P7WcT6-aVg","operational-confirmed",""
"2022-7-1550","KEMER HOTEL","Basit Konaklama","HOTEL","","ANTALYA","KEMER","ChIJh3o5qp-3wxQRJbHTjQJfNsY","operational-confirmed",""
"6234","KIRBIYIK RESORT OTEL","Turizm İşletmesi Belgesi","Otel","5 Yıldızlı","ANTALYA","ALANYA","ChIJr5kQIHuQ3BQRuwInSiPTpBg","operational-confirmed",""
"3695","KLEOPATRA ADA BEACH OTEL","Turizm İşletmesi Belgesi","Otel","4 Yıldızlı","ANTALYA","ALANYA","ChIJYx7HNoyi3BQRmw8phqLQfs4","operational-confirmed",""
"15354","KLEOPATRA ARSİ OTEL","Turizm İşletmesi Belgesi","Otel","3 Yıldızlı","ANTALYA","ALANYA","ChIJ9zj9UI6i3BQRVsRT1KMjI0M","operational-confirmed",""
"4114","KLEOPATRA BEACH OTEL","Turizm İşletmesi Belgesi","Otel","4 Yıldızlı","ANTALYA","ALANYA","ChIJZ4-SjI6i3BQRCbOWThGjvTU","operational-confirmed",""
"8543","KLEOPATRA BEBEK OTEL","Turizm İşletmesi Belgesi","Otel","3 Yıldızlı","ANTALYA","ALANYA","ChIJHzvvPJui3BQRwbUZNFCHq0g","operational-confirmed",""
"2022-7-0257","KLEOPATRA CARINA OTEL","Basit Konaklama","OTEL","","ANTALYA","ALANYA","ChIJHRSqXZui3BQR33c_E7F_2to","operational-confirmed",""
"10367","KLEOPATRA LIFE OTEL","Turizm İşletmesi Belgesi","Otel","4 Yıldızlı","ANTALYA","ALANYA","ChIJR2bb19uj3BQRig8nxSdrAnk","operational-confirmed",""
"7904","KLEOPATRA MİCADOR","Turizm İşletmesi Belgesi","Otel","4 Yıldızlı","ANTALYA","ALANYA","ChIJCTkQHYWY3BQR6m17Pxmigo0","operational-confirmed",""
"17085","KLEOPATRA RAMİRA HOTEL","Turizm İşletmesi Belgesi","Otel","4 Yıldızlı","ANTALYA","ALANYA","ChIJHxrDsoCi3BQRUkPdgpnrmuc","operational-confirmed",""
"11078","KLEOPATRA ROYAL PALM OTEL","Turizm İşletmesi Belgesi","Otel","4 Yıldızlı","ANTALYA","ALANYA","ChIJHSfADYyi3BQRzenOqFtT4Lk","operational-confirmed",""
"2022-7-0564","KLEOPATRA SAHARA OTEL","Basit Konaklama","OTEL","","ANTALYA","ALANYA","ChIJ0_wj_I6i3BQReWaUND8lLUY","operational-confirmed",""
"26130","KLEOPATRA SMİLE OTEL","Turizm İşletmesi Belgesi","Otel","2 Yıldızlı","ANTALYA","ALANYA","ChIJX8WLP3Gj3BQRfCO9VFordoE","operational-confirmed",""
"2022-7-0962","KORIENT MIRA OTEL","Basit Konaklama","OTEL","","ANTALYA","KEMER","ChIJJ_0zGEW3wxQRqyBbjKYHl2M","operational-confirmed",""
"2881","L'ANCORA BEACH HOTEL","Turizm İşletmesi Belgesi","Otel","4 Yıldızlı","ANTALYA","KEMER","ChIJTdEpbpm3wxQR45zLUktqBKw","operational-confirmed",""
"10102","L'OCEANICA BEACH RESORT","Turizm İşletmesi Belgesi","Otel","5 Yıldızlı","ANTALYA","KEMER","ChIJf0rL32a2wxQRdrY1mhTn60k","operational-confirmed",""
"26459","LA BENATA HOTEL","Turizm İşletmesi Belgesi","Otel","2 Yıldızlı","ANTALYA","MANAVGAT","ChIJWZK_Spet3BQRGfONqE3xEO4","operational-confirmed",""
"18761","LAGUNA BEACH ALYA RESORT & SPA HOTEL","Turizm İşletmesi Belgesi","Otel","5 Yıldızlı","ANTALYA","ALANYA","ChIJCTlMxKqt3BQRXLgf4V0cnSo","operational-confirmed",""
"2022-7-0604","LET'STAY HOTEL","Basit Konaklama","OTEL","","ANTALYA","MURATPAŞA","ChIJTSAfLhqbwxQRK0GjiQ6q8yQ","operational-confirmed",""
"18107","LITORE HOTEL","Turizm İşletmesi Belgesi","Otel","5 Yıldızlı","ANTALYA","ALANYA","ChIJSeI-PYWY3BQRYqFsEmS9dH4","operational-confirmed",""
"19450","LIU RESORTS","Turizm İşletmesi Belgesi","Otel","5 Yıldızlı","ANTALYA","MANAVGAT","ChIJieNOmnWR3BQR8a1SfQY_VH0","operational-confirmed",""
"2022-7-0646","LİMS BONA DEA BEACH HOTEL","Basit Konaklama","OTEL","","ANTALYA","KEMER","ChIJawopIbC3wxQRG6-iN4bir_I","operational-confirmed",""
"10863","LİNDA OTEL","Turizm İşletmesi Belgesi","Otel","5 Yıldızlı","ANTALYA","MANAVGAT","ChIJK8dfD1RXwxQRa-efk99vqVA","operational-confirmed",""
"13561","LİNDA SUNNY BEACH & SPA","Turizm İşletmesi Belgesi","Otel","5 Yıldızlı","ANTALYA","MANAVGAT","ChIJM9Zt7fFewxQR6kb6HymfaTk","operational-confirmed",""
"18338","LONICERA PREMIUM","Turizm İşletmesi Belgesi","Otel","5 Yıldızlı","ANTALYA","ALANYA","ChIJv0voUCiZ3BQRm81DC9Ry-40","operational-confirmed",""
"2022-7-0288","LONİCERA CİTY HOTEL","Basit Konaklama","OTEL","","ANTALYA","ALANYA","ChIJ2bASvoWi3BQRvvXi18BjbVE","operational-confirmed",""
"14066","LONİCERA WORLD RESORT SPA HOTEL","Turizm İşletmesi Belgesi","Otel","5 Yıldızlı","ANTALYA","ALANYA","ChIJ9Y8NdwCv3BQRy5Pr6IJvs40","operational-confirmed",""
"17885","LRS LAKE & RIVER SIDE HOTEL & SPA","Turizm İşletmesi Belgesi","Otel","5 Yıldızlı","ANTALYA","MANAVGAT","ChIJG8uNewCFwxQRPyM5iqvePE4","operational-confirmed",""
"14902","LRS PORT RIVER HOTEL & SPA","Turizm İşletmesi Belgesi","Otel","5 Yıldızlı","ANTALYA","MANAVGAT","ChIJc_4bXABXwxQRnLNtNDVsnio","operational-confirmed",""
"10142","LUCIDA BEACH HOTEL","Turizm İşletmesi Belgesi","Otel","5 Yıldızlı","ANTALYA","KEMER","ChIJtY5bima2wxQRudl40gjwpco","operational-confirmed",""
"27158","LUSSO SORGUN","Turizm İşletmesi Belgesi","Otel","5 Yıldızlı","ANTALYA","MANAVGAT","ChIJCYgnecpQwxQRDzNqgP_4BOo","operational-confirmed",""
"10090","LYCUS BEACH OTEL","Turizm İşletmesi Belgesi","Otel","5 Yıldızlı","ANTALYA","ALANYA","ChIJtxCOQP6s3BQR4myydqz7h28","operational-confirmed",""
"8542","MA BICHE KEMER BY WERDE HOTELS","Turizm İşletmesi Belgesi","Otel","5 Yıldızlı","ANTALYA","KEMER","ChIJc1x31Oe5wxQRMMbk5hiJzQA","operational-confirmed",""
"2022-7-1575","MAGIC SUN OTEL","Basit Konaklama","OTEL","","ANTALYA","KEMER","ChIJsbD2wqW_wxQRpbcfWCY8KgM","operational-confirmed",""
"2022-7-1742","MALİBU GARDEN RESORT","Basit Konaklama","OTEL","","ANTALYA","KEMER","ChIJq0U2cv62wxQRmEcFXTSPt7g","operational-confirmed",""
"2022-7-1479","MANAVGAT KERVAN OTEL","Basit Konaklama","OTEL","","ANTALYA","MANAVGAT","ChIJUe2ablNXwxQRyfatw_gbJo4","operational-confirmed",""
"14872","MARY HOTELS ALANYA","Turizm İşletmesi Belgesi","Otel","5 Yıldızlı","ANTALYA","ALANYA","ChIJ7WxCwmG3yhQRyKPOOhD4jJA","operational-confirmed",""
"18609","MC ARANCIA RESORT OTEL","Turizm İşletmesi Belgesi","Otel","5 Yıldızlı","ANTALYA","ALANYA","ChIJ3xRqxPOk3BQRp3gzUDeEHlA","operational-confirmed",""
"19266","MERCURE ANTALYA BELEK OTEL","Turizm İşletmesi Belgesi","Otel","4 Yıldızlı","ANTALYA","SERİK","ChIJMR3-ie17wxQRlD1TjW1Gwi0","operational-confirmed",""
"13654","MERHABA OTEL","Turizm İşletmesi Belgesi","Otel","3 Yıldızlı","ANTALYA","ALANYA","ChIJjSYMTmSY3BQRbQPrhAt-rdA","operational-confirmed",""
"4799","MERYAN OTEL","Turizm İşletmesi Belgesi","Otel","5 Yıldızlı","ANTALYA","ALANYA","ChIJTc5KlIeY3BQRimW-WBB4rkM","operational-confirmed",""
"2022-7-1670","MESUT OTEL","Basit Konaklama","OTEL","","ANTALYA","ALANYA","ChIJyb-hD1OY3BQRen29vJoAtkA","operational-confirmed",""
"2022-7-0492","MG HOTELS CLUB AKMAN BEACH","Basit Konaklama","OTEL","","ANTALYA","KEMER","ChIJ8QFYA3a2wxQRG2wktrZGX88","operational-confirmed",""
"2022-7-1698","MIAROSA KONAKLI GARDEN OTEL","Basit Konaklama","OTEL","","ANTALYA","ALANYA","ChIJbxo7K4ul3BQRJ962Ng3jy5o","operational-confirmed",""
"2022-7-0050","MICHELL HOTEL","Basit Konaklama","OTEL","","ANTALYA","ALANYA","ChIJKXk_kpWZ3BQRWatrnHfzFWw","operational-confirmed",""
"16675","MIRA MERIDIA BEACH RESORT HOTEL","Turizm İşletmesi Belgesi","Otel","5 Yıldızlı","ANTALYA","ALANYA","ChIJW5dS2FOj3BQR_wBWbL_kzC4","operational-confirmed",""
"3497","MIRAMARE BEACH HOTEL","Turizm İşletmesi Belgesi","Otel","5 Yıldızlı","ANTALYA","MANAVGAT","ChIJZVu81MpewxQRT5VRKMVfGkU","operational-confirmed",""
"2148","MISS CLEOPATRA HOTEL","Turizm İşletmesi Belgesi","Otel","2 Yıldızlı","ANTALYA","ALANYA","ChIJCYVFBo-i3BQRMx9MzV6CV6E","operational-confirmed",""
"2022-7-0590","MİDİ SUİTES OTEL","Basit Konaklama","HOTEL","","ANTALYA","ALANYA","ChIJzTgWSniZ3BQRyWrocb9b2T8","operational-confirmed",""
"G_24137","MİRADA DEL MAR HOTEL","Turizm İşletmesi Belgesi","Otel","5 Yıldızlı","ANTALYA","KEMER","ChIJ9zFH-ua4wxQRSkD0EIwgVlg","operational-confirmed",""
"4579","MİRAY OTEL","Turizm İşletmesi Belgesi","Otel","3 Yıldızlı","ANTALYA","ALANYA","ChIJX9VhHgCj3BQRreNAz_A2WP0","operational-confirmed",""
"2022-7-0428","MOLA OTEL","Basit Konaklama","OTEL","","ANTALYA","ALANYA","ChIJy1Xjj5yi3BQRG30ybHKWA9U","operational-confirmed",""
"3139","MONART CITY OTEL","Turizm İşletmesi Belgesi","Otel","4 Yıldızlı","ANTALYA","ALANYA","ChIJEbeQUlmY3BQRLoyHlb5VpXg","operational-confirmed",""
"5072","MONTE CARLO","Turizm İşletmesi Belgesi","Otel","4 Yıldızlı","ANTALYA","ALANYA","ChIJS9qannCY3BQRCWcOR-FQc8Y","operational-confirmed",""
"23119","MOONBOW BEACH HOTEL","Turizm İşletmesi Belgesi","Otel","2 Yıldızlı","ANTALYA","ALANYA","ChIJM6tELquZ3BQRVVhIP9gbamg","operational-confirmed",""
"2022-7-1481","MORE OTEL","Basit Konaklama","OTEL","","ANTALYA","KEMER","ChIJe-02_gW_wxQRNE_7JY8yvso","operational-confirmed",""
"2022-7-0202","MUZ OTEL","Basit Konaklama","OTEL","","ANTALYA","ALANYA","ChIJAQAAFRuj3BQRxdIz_2QIHt4","operational-confirmed",""
"11113","MY HOME RESORT OTEL","Turizm İşletmesi Belgesi","Otel","5 Yıldızlı","ANTALYA","ALANYA","ChIJV5h4faav3BQRzEDsq9HeljE","operational-confirmed",""
"12688","MY HOME SKY OTEL","Turizm İşletmesi Belgesi","Otel","4 Yıldızlı","ANTALYA","ALANYA","ChIJxTQY6aWv3BQRzEVCX2wk4RA","operational-confirmed",""
"21102","MYLOME LUXURY HOTEL & RESORT","Turizm İşletmesi Belgesi","Otel","5 Yıldızlı","ANTALYA","ALANYA","ChIJ4QtzUayt3BQRrJD5CRTzxzQ","operational-confirmed",""
"2022-7-1034","NEBILUX HOTEL","Basit Konaklama","OTEL","","ANTALYA","MURATPAŞA","ChIJ8dw-eeyawxQRPCZHApptuCE","operational-confirmed",""
"21772","NEURON OTEL","Turizm İşletmesi Belgesi","Otel","3 Yıldızlı","ANTALYA","KEMER","ChIJ9zn1HLK5wxQROeeET3X3rKM","operational-confirmed",""
"18875","NG PHASELIS BAY","Turizm İşletmesi Belgesi","Otel","5 Yıldızlı","ANTALYA","KEMER","ChIJobI6a4PLwxQRD6Sz71MlqF0","operational-confirmed",""
"6312","NOVİS HOTEL CLEOPATRA","Turizm İşletmesi Belgesi","Otel","3 Yıldızlı","ANTALYA","ALANYA","ChIJT9StywGj3BQR-JVeyrq_MEk","operational-confirmed",""
"G_20406","NOXINN CLUB HOTELS","Turizm İşletmesi Belgesi","Otel","4 Yıldızlı","ANTALYA","ALANYA","ChIJ636fC-Wl3BQROvJndwRu_OA","operational-confirmed",""
"20826","NOXINN DELUXE HOTEL","Turizm İşletmesi Belgesi","Otel","5 Yıldızlı","ANTALYA","ALANYA","ChIJby11WnKj3BQRFvJTIc5nuyc","operational-confirmed",""
"22762","NUMA CLUB SIDE","Turizm İşletmesi Belgesi","Otel","4 Yıldızlı","ANTALYA","MANAVGAT","ChIJX-JRGEdHdkAR8U_eIQibbcg","operational-confirmed",""
"17308","NUMA KONAKTEPE OTEL","Turizm İşletmesi Belgesi","Otel","4 Yıldızlı","ANTALYA","ALANYA","ChIJFS363vSk3BQRYv0rpT7I_L4","operational-confirmed",""
"12951","OBA STAR OTEL & SPA","Turizm İşletmesi Belgesi","Otel","4 Yıldızlı","ANTALYA","ALANYA","ChIJsaaLblOY3BQRttAplmH1ySs","operational-confirmed",""
"11529","OLEANDER OTEL","Turizm İşletmesi Belgesi","Otel","5 Yıldızlı","ANTALYA","MANAVGAT","ChIJvzj3P9dZwxQRWtiH-t_2UCA","operational-confirmed",""
"2022-7-1581","OLYA OTEL","Basit Konaklama","OTEL","","ANTALYA","KEMER","ChIJneNml35XwxQR2Av0c6foDYc","operational-confirmed",""
"11177","ONKEL HOTELS BELDİBİ RESORT","Turizm İşletmesi Belgesi","Otel","4 Yıldızlı","ANTALYA","KEMER","ChIJqXIm-PO4wxQRSO6QC2R7zXg","operational-confirmed",""
"4504","OPERA HOTEL ANTALYA","Turizm İşletmesi Belgesi","Otel","1 Yıldızlı","ANTALYA","KONYAALTI","ChIJOR4X0geRwxQRonzsrQKuSA4","operational-confirmed",""
"2022-7-1080","ORANJ RANCH HOTEL","Basit Konaklama","HOTEL","","ANTALYA","KEMER","ChIJvWc1gQu2wxQRtyFnQWddtCs","operational-confirmed",""
"20766","ORFEUS  QUEEN  SPA","Turizm İşletmesi Belgesi","Otel","4 Yıldızlı","ANTALYA","MANAVGAT","ChIJZcK-OllewxQR8Gp-w4mIqj4","operational-confirmed",""
"2022-7-1442","OTEL DURKAYA","Basit Konaklama","OTEL","","ANTALYA","MANAVGAT","ChIJA5quahNXwxQR5_7hucaoLS0","operational-confirmed",""
"15065","OZ HOTELS SUİ","Turizm İşletmesi Belgesi","Otel","5 Yıldızlı","ANTALYA","ALANYA","ChIJS6dSaFSs3BQR1F8RuQZLXVk","operational-confirmed",""
"2022-7-0982","ÖZKAYMAK MARİNA OTEL","Basit Konaklama","OTEL","","ANTALYA","KEMER","ChIJfRRzCZi3wxQRPXuJ8wsWeL4","operational-confirmed",""
"15327","ÖZKAYMAK SELECT RESORT OTEL","Turizm İşletmesi Belgesi","Otel","5 Yıldızlı","ANTALYA","ALANYA","ChIJ9XbBdJqv3BQRkfiW6OaNbhw","operational-confirmed",""
"2022-7-1299","PALM CİTY ALANYA HOTEL","Basit Konaklama","HOTEL","","ANTALYA","ALANYA","ChIJB88n3ruZ3BQRHCm5mOFIhaU","operational-confirmed",""
"11475","PALMERAS BEACH HOTEL","Turizm İşletmesi Belgesi","Otel","5 Yıldızlı","ANTALYA","ALANYA","ChIJ6Y0FyPuk3BQREtW596sXmX0","operational-confirmed",""
"7346","PALOMA SENCIA","Turizm İşletmesi Belgesi","Otel","5 Yıldızlı","ANTALYA","SERİK","ChIJ0wWOGgBlwxQRywiDd3684QA","operational-confirmed",""
"2022-7-1488","PASCHA OTEL","Basit Konaklama","OTEL","","ANTALYA","SERİK","ChIJLzBJAfV9wxQRSlBb8y3pVU0","operational-confirmed",""
"27382","PERA AURA","Turizm İşletmesi Belgesi","Otel","3 Yıldızlı","ANTALYA","KEMER","ChIJqzYifpC3wxQRd7YQuAFlaIc","operational-confirmed",""
"7525","PERRE DELTA RESORT & SPA","Turizm İşletmesi Belgesi","Otel","5 Yıldızlı","ANTALYA","ALANYA","ChIJl_QPEI2t3BQRzt-Z4gmVLto","operational-confirmed",""
"12650","PORT SİDE RESORT HOTEL","Turizm İşletmesi Belgesi","Otel","5 Yıldızlı","ANTALYA","MANAVGAT","ChIJx4bG68hewxQR9WuzJbdX4B8","operational-confirmed",""
"25069","PRENSES SEALİNE BEACH OTEL","Turizm İşletmesi Belgesi","Otel","3 Yıldızlı","ANTALYA","SERİK","ChIJwRKbpeKPwxQRBqzaZz4Anb4","operational-confirmed",""
"18083","PRIME OTEL","Turizm İşletmesi Belgesi","Otel","3 Yıldızlı","ANTALYA","MURATPAŞA","ChIJvX5j1KaawxQRtE5w3BIjk7o","operational-confirmed",""
"13520","QUATTRO BEACH SPA &RESORT","Turizm İşletmesi Belgesi","Otel","5 Yıldızlı","ANTALYA","ALANYA","ChIJSeI-PYWY3BQRobs-UEU6Rxg","operational-confirmed",""
"19034","RAI FORESTA TEKIROVA & SPA","Turizm İşletmesi Belgesi","Otel","5 Yıldızlı","ANTALYA","KEMER","ChIJ33WX-Mq1wxQRGbqLv73lKCI","operational-confirmed",""
"13744","RAMADA RESORT SİDE","Turizm İşletmesi Belgesi","Otel","4 Yıldızlı","ANTALYA","MANAVGAT","ChIJa50ODCRfwxQR04QbiH5YjPk","operational-confirmed",""
"16339","RAMİRA BEACH HOTEL","Turizm İşletmesi Belgesi","Otel","4 Yıldızlı","ANTALYA","ALANYA","ChIJBzh1oqqv3BQRvWHcVdwLrC8","operational-confirmed",""
"2022-7-0093","RAMİRA JOY HOTEL","Basit Konaklama","OTEL","","ANTALYA","ALANYA","ChIJB0ulN4Ki3BQR10ot_we9EbA","operational-confirmed",""
"2022-7-0546","RELAX BEACH HOTEL","Basit Konaklama","HOTEL","","ANTALYA","ALANYA","ChIJ7QV2YiGZ3BQR6TuzPka51vw","operational-confirmed",""
"2022-7-0561","RESİTALYA OTEL","Basit Konaklama","OTEL","","ANTALYA","ALANYA","ChIJ73L0XV6Y3BQRdxj49704DOM","operational-confirmed",""
"G_25977","RIOLAVITAS RESORT&SPA","Turizm İşletmesi Belgesi","Otel","5 Yıldızlı","ANTALYA","MANAVGAT","ChIJh9wijE1XwxQRiZmaLOomt1E","operational-confirmed",""
"2022-7-1387","RIOS LATTE BEACH OTEL","Basit Konaklama","OTEL","","ANTALYA","KEMER","ChIJ-XRL5Qe_wxQRisIPg4Yuv1s","operational-confirmed",""
"2022-7-0354","RIVER SUITE OTEL","Basit Konaklama","OTEL","","ANTALYA","MANAVGAT","ChIJezPGDNFXwxQRLOm6wClTf68","operational-confirmed",""
"2022-7-1474","RİNG BEACH OTEL","Basit Konaklama","OTEL","","ANTALYA","KEMER","ChIJbb4GsRC_wxQRhTE_0iWHDLc","operational-confirmed",""
"8539","RİVİERA OTEL","Turizm İşletmesi Belgesi","Otel","4 Yıldızlı","ANTALYA","ALANYA","ChIJT7SmK5ui3BQRR3rVCS6e3L0","operational-confirmed",""
"2456","RİVİERA ZEN OTEL","Turizm İşletmesi Belgesi","Otel","4 Yıldızlı","ANTALYA","ALANYA","ChIJEb0ygVKj3BQRqWYpAeCTljY","operational-confirmed",""
"26174","RK MAGİC DREAM HOTEL","Turizm İşletmesi Belgesi","Otel","3 Yıldızlı","ANTALYA","KEMER","ChIJxU6WK4y3wxQR-SRtkfNOqYs","operational-confirmed",""
"12069","ROBINSON CLUB ÇAMYUVA","Turizm İşletmesi Belgesi","Tatil Köyü","5 Yıldızlı","ANTALYA","KEMER","ChIJvWj609i1wxQRrUVrZR72PLY","operational-confirmed",""
"2389","ROBINSON CLUB PAMFİLYA","Turizm İşletmesi Belgesi","Tatil Köyü","5 Yıldızlı","ANTALYA","MANAVGAT","ChIJBdQi_3W2wxQRFyao9RznRqs","operational-confirmed",""
"11644","ROMA BEACH RESORT & SPA","Turizm İşletmesi Belgesi","Otel","5 Yıldızlı","ANTALYA","MANAVGAT","ChIJd896kidZwxQR0GiHr13JANk","operational-confirmed",""
"24745","ROSE GARDEN PREMİUM HOTEL","Turizm İşletmesi Belgesi","Otel","3 Yıldızlı","ANTALYA","KEMER","ChIJq3Qpop23wxQRhUMrGGBEbXk","operational-confirmed",""
"2022-7-0740","ROSELLA HOTEL","Basit Konaklama","OTEL","","ANTALYA","ALANYA","ChIJAb3MVHyZ3BQRLrkEJcIcm_M","operational-confirmed",""
"16316","ROX RESORT HOTEL","Turizm İşletmesi Belgesi","Otel","5 Yıldızlı","ANTALYA","KEMER","ChIJecMZxKi3wxQR4UlL7S5jdiA","operational-confirmed",""
"8056","ROYAL ATLANTİS","Turizm İşletmesi Belgesi","Otel","4 Yıldızlı","ANTALYA","MANAVGAT","ChIJu6ojebhfwxQRk_6-JaF6dCY","operational-confirmed",""
"10404","ROYAL ATLANTİS SPA & RESORT","Turizm İşletmesi Belgesi","Otel","5 Yıldızlı","ANTALYA","MANAVGAT","ChIJu6ojebhfwxQRk_6-JaF6dCY","operational-confirmed",""
"7967","ROYAL GARDEN BEACH OTEL","Turizm İşletmesi Belgesi","Otel","5 Yıldızlı","ANTALYA","ALANYA","ChIJVdk_zfak3BQRteDolPOsjnk","operational-confirmed",""
"2022-7-1214","ROYAL OTEL","Basit Konaklama","OTEL","","ANTALYA","ALANYA","ChIJfb0XpPai3BQRl2IByIMl4kk","operational-confirmed",""
"20710","RUBİ HOTEL","Turizm İşletmesi Belgesi","Otel","4 Yıldızlı","ANTALYA","ALANYA","ChIJpXrwFKmv3BQRB7kMjzxIfiY","operational-confirmed",""
"8550","SAILOR'S BEACH CLUB","Turizm İşletmesi Belgesi","Otel","5 Yıldızlı","ANTALYA","KEMER","ChIJz26SQgK3wxQRfGjkrrlCK9Y","operational-confirmed",""
"2022-7-1498","SANDY BEACH OTEL","Basit Konaklama","OTEL","","ANTALYA","MANAVGAT","ChIJn0yhvbiZ3BQRA0cLJ4ZPd6Y","operational-confirmed",""
"2022-7-1374","SANTANA HOTEL","Basit Konaklama","OTEL","","ANTALYA","KEMER","ChIJZZBaKQm_wxQR4L_VGBD9yt8","operational-confirmed",""
"11926","SAPHİR RESORT & SPA","Turizm İşletmesi Belgesi","Otel","5 Yıldızlı","ANTALYA","ALANYA","ChIJ25yaM_6s3BQRc5cBOF4ZO00","operational-confirmed",""
"10151","SARITAŞ OTEL","Turizm İşletmesi Belgesi","Otel","4 Yıldızlı","ANTALYA","ALANYA","ChIJSeI-PYWY3BQR8k_f_9ykVI8","operational-confirmed",""
"23988","SCYLAX HOTELS FAMİLY CLUB","Turizm İşletmesi Belgesi","Otel","3 Yıldızlı","ANTALYA","ALANYA","ChIJS-S2iZqQ3BQR-AT3YERkNdI","operational-confirmed",""
"21775","SEALIFE KEMER RESORT HOTEL","Turizm İşletmesi Belgesi","Otel","5 Yıldızlı","ANTALYA","KEMER","ChIJxeRjcgm3wxQRFRHMndsaBm8","operational-confirmed",""
"12593","SEAMELIA BEACH RESORT HOTEL & SPA","Turizm İşletmesi Belgesi","Otel","5 Yıldızlı","ANTALYA","MANAVGAT","ChIJl4-yyOCTwxQRvVHb7hjT7Y8","operational-confirmed",""
"23623","SEASHELL VEGA","Turizm İşletmesi Belgesi","Otel","5 Yıldızlı","ANTALYA","MANAVGAT","ChIJmSCa1q1ZwxQRlURQtG1J2Wc","operational-confirmed",""
"23192","SEDİR PARK JOY OTEL","Turizm İşletmesi Belgesi","Otel","3 Yıldızlı","ANTALYA","ALANYA","ChIJrRj-YTCbwxQRq0blRTGTOD4","operational-confirmed",""
"12554","SEHER SUN PALACE RESORT & SPA","Turizm İşletmesi Belgesi","Otel","5 Yıldızlı","ANTALYA","MANAVGAT","ChIJYe2y50FfwxQRSQrVk63HSbI","operational-confirmed",""
"2022-7-0584","SELÇUKHAN HOTEL","Basit Konaklama","OTEL","","ANTALYA","KEMER","ChIJ82hLF6i_wxQRVS7zXvFxyB8","operational-confirmed",""
"18145","SELECTUM FAMILY RESORT SİDE","Turizm İşletmesi Belgesi","Otel","5 Yıldızlı","ANTALYA","MANAVGAT","ChIJ-VceAeCsxBQRUgJ6YWpjC1k","operational-confirmed",""
"10977","SELECTUM FAMİLY COMFORT SİDE","Turizm İşletmesi Belgesi","Otel","4 Yıldızlı","ANTALYA","MANAVGAT","ChIJz-C9WfpTwxQRSSdKLkqtNR0","operational-confirmed",""
"4601","SELECTUM NOA BELEK","Turizm İşletmesi Belgesi","Otel","5 Yıldızlı","ANTALYA","SERİK","ChIJuQv5mL1kwxQRdcA9MFF4ReQ","operational-confirmed",""
"16338","SENSITIVE PREMIUM RESORT","Turizm İşletmesi Belgesi","Otel","5 Yıldızlı","ANTALYA","SERİK","ChIJ0y6GYnlkwxQRWWUVbasntOA","operational-confirmed",""
"18610","SENZA GARDEN HOLIDAY CLUB HOTEL","Turizm İşletmesi Belgesi","Tatil Köyü","5 Yıldızlı","ANTALYA","ALANYA","ChIJK_jpf8il3BQRQ_GAmoFTk9Q","operational-confirmed",""
"22309","SENZA GRAND SANTANA OTEL","Turizm İşletmesi Belgesi","Otel","5 Yıldızlı","ANTALYA","ALANYA","ChIJHzb1Owia3BQRuprj6kxeB44","operational-confirmed",""
"26069","SENZA SUNSET BEACH HOTEL","Turizm İşletmesi Belgesi","Otel","4 Yıldızlı","ANTALYA","ALANYA","ChIJoT9uAZmv3BQRjIDHhIiS_0I","operational-confirmed",""
"19582","SENZA THE INN RESORT & SPA","Turizm İşletmesi Belgesi","Otel","5 Yıldızlı","ANTALYA","ALANYA","ChIJswA_o2Kl3BQRJeSSGC4a5gg","operational-confirmed",""
"23555","SERENİTY QUEEN HOTEL","Turizm İşletmesi Belgesi","Otel","5 Yıldızlı","ANTALYA","ALANYA","ChIJbxxH-Xyj3BQRo7bw6Q_hvm4","operational-confirmed",""
"2022-7-0619","SETTE SERENITY OTEL","Basit Konaklama","OTEL","","ANTALYA","ALANYA","ChIJPW6Lg1OY3BQRLS49RLLFcfE","operational-confirmed",""
"4365","SEVEN SEAS PALMERAS BAY HOTEL","Turizm İşletmesi Belgesi","Otel","5 Yıldızlı","ANTALYA","ALANYA","ChIJY8LGIV2l3BQReIdj34Pfg1o","operational-confirmed",""
"18626","SIRMA OTEL","Turizm İşletmesi Belgesi","Otel","4 Yıldızlı","ANTALYA","MANAVGAT","ChIJaceaPuSPwxQRUBlTKSBOmx8","operational-confirmed",""
"11094","SİAM ELEGANCE HOTEL&SPA","Turizm İşletmesi Belgesi","Otel","5 Yıldızlı","ANTALYA","SERİK","ChIJFWBF2QxkwxQRzOoGdQxqCBI","operational-confirmed",""
"16293","SİDE ALEGRİA HOTEL & SPA","Turizm İşletmesi Belgesi","Otel","5 Yıldızlı","ANTALYA","MANAVGAT","ChIJk0qHjzhZwxQRSWBUjaw9KDY","operational-confirmed",""
"9767","SİDE BREEZE OTEL","Turizm İşletmesi Belgesi","Otel","5 Yıldızlı","ANTALYA","MANAVGAT","ChIJbaC1DcZewxQRB1gdj1P-Gsw","operational-confirmed",""
"9476","SİDE MARE RESORT & SPA OTEL","Turizm İşletmesi Belgesi","Otel","5 Yıldızlı","ANTALYA","MANAVGAT","ChIJLdtXyTlZwxQRIefolhI8UDA","operational-confirmed",""
"9717","Side Story Resort & Spa","Turizm İşletmesi Belgesi","Otel","4 Yıldızlı","ANTALYA","MANAVGAT","ChIJIXHdm25ZwxQR-ZR8hDE3oz4","operational-confirmed",""
"8067","SİDE SUN OTEL","Turizm İşletmesi Belgesi","Otel","4 Yıldızlı","ANTALYA","MANAVGAT","ChIJyZpwOHxZwxQRFfUUBWXfZPs","operational-confirmed","https://www.sidesunhotel.com/tr"
"13895","SİDE WEST PARK OTEL","Turizm İşletmesi Belgesi","Otel","3 Yıldızlı","ANTALYA","MANAVGAT","ChIJVZf5XMRewxQRWohZ4qQUyS4","operational-confirmed",""
"11667","SİDEKUM OTEL","Turizm İşletmesi Belgesi","Otel","5 Yıldızlı","ANTALYA","MANAVGAT","ChIJB5jG8DRZwxQRGiaXMi6eh5A","operational-confirmed",""
"9972","SİDELYA OTEL","Turizm İşletmesi Belgesi","Otel","4 Yıldızlı","ANTALYA","MANAVGAT","ChIJ5RDFYQBfwxQRaUm7Ek7APYs","operational-confirmed",""
"18682","SİMPLY FİNE HOTEL ALİZE","Turizm İşletmesi Belgesi","Otel","4 Yıldızlı","ANTALYA","ALANYA","ChIJt5i7mCyZ3BQR-CvwkOb_gBs","operational-confirmed",""
"25021","SİMUS BEACH HOTEL","Turizm İşletmesi Belgesi","Otel","3 Yıldızlı","ANTALYA","MANAVGAT","ChIJCxawGnxZwxQRI2XM3jiDt4Y","operational-confirmed",""
"4919","SİRİUS OTEL","Turizm İşletmesi Belgesi","Otel","4 Yıldızlı","ANTALYA","KEMER","ChIJybi8Ep7KwxQRq6cfATMhjX0","operational-confirmed",""
"2022-7-0460","SKYS HOTEL","Basit Konaklama","OTEL","","ANTALYA","MANAVGAT","ChIJP4xMyo9TwxQRUNKQKxsO8rk","operational-confirmed",""
"13213","SOLIVIA HOTEL","Turizm İşletmesi Belgesi","Otel","5 Yıldızlı","ANTALYA","ALANYA","ChIJBWLJRzil3BQRKaMAcSUrfr4","operational-confirmed",""
"18256","SUENO HOTELS BEACH SİDE","Turizm İşletmesi Belgesi","Otel","5 Yıldızlı","ANTALYA","MANAVGAT","ChIJk7wjmnZZwxQRQC_w7LKyaF8","operational-confirmed",""
"8429","SULTAN SİPAHİ RESORT HOTEL","Turizm İşletmesi Belgesi","Otel","4 Yıldızlı","ANTALYA","ALANYA","ChIJ6w4BbJui3BQR8CTSZnHYCBQ","operational-confirmed",""
"15427","SUN HEAVEN OTEL","Turizm İşletmesi Belgesi","Otel","5 Yıldızlı","ANTALYA","ALANYA","ChIJY5EwYQ-l3BQRzObZ41jQs7Y","operational-confirmed",""
"2022-7-0547","SUN HEAVEN QUEEN","Basit Konaklama","OTEL","","ANTALYA","ALANYA","ChIJm28dZUplwBQR5Svdem-mZH8","operational-confirmed",""
"2022-7-0628","SUN VERA OTEL","Basit Konaklama","OTEL","","ANTALYA","ALANYA","ChIJ_QRhcaCj3BQRT2SH1s_AMhk","operational-confirmed",""
"5052","SUNNY HİLL ALYA","Turizm İşletmesi Belgesi","Otel","4 Yıldızlı","ANTALYA","ALANYA","ChIJGyXBuZ2i3BQRH_6s_rljLoo","operational-confirmed",""
"2366","SVEO RESORT KEMER","Turizm İşletmesi Belgesi","Otel","5 Yıldızlı","ANTALYA","KEMER","ChIJ9T2C4Aa3wxQRGN1ox8-2Z5Q","operational-confirmed",""
"5833","SWANDOR HOTELS & RESORTS KEMER","Turizm İşletmesi Belgesi","Otel","5 Yıldızlı","ANTALYA","KEMER","ChIJObboQ_m2wxQRsVzsrZwstcQ","operational-confirmed",""
"27009","SY HOTELS BELEK","Turizm İşletmesi Belgesi","Otel","4 Yıldızlı","ANTALYA","SERİK","ChIJERi-_L17wxQRT0WLJXq0r-U","operational-confirmed",""
"11828","TAÇ PREMIER HOTEL & SPA","Turizm İşletmesi Belgesi","Otel","4 Yıldızlı","ANTALYA","ALANYA","ChIJL4Mk4Aqa3BQRP7g9M5NMOWY","operational-confirmed",""
"2022-7-0644","TAL BEACH HOTEL","Basit Konaklama","OTEL","","ANTALYA","KEMER","ChIJ4VUrSX25wxQRr_k5eYOj6SA","operational-confirmed",""
"14240","TELATİYE RESORT OTEL","Turizm İşletmesi Belgesi","Otel","5 Yıldızlı","ANTALYA","ALANYA","ChIJ-YdjAHqk3BQR2KHzECCGO98","operational-confirmed",""
"2022-7-0568","TEMİZ OTEL","Basit Konaklama","OTEL","","ANTALYA","ALANYA","ChIJJavJKHeY3BQRRoZMz3xwtso","operational-confirmed",""
"18054","THALİA UNİQUE","Turizm İşletmesi Belgesi","Otel","5 Yıldızlı","ANTALYA","MANAVGAT","ChIJyZpwOHxZwxQRVHZETHKuCOY","operational-confirmed",""
"20834","THE MARİLİS HİLL RESORT HOTEL&SPA","Turizm İşletmesi Belgesi","Otel","5 Yıldızlı","ANTALYA","ALANYA","ChIJ9eE9xdKt3BQRV1K5hWubTV0","operational-confirmed",""
"5499","THE NORM ORIENTAL OTEL","Turizm İşletmesi Belgesi","Otel","5 Yıldızlı","ANTALYA","KEMER","ChIJ2wWFC9u3wxQRpYR6dkMoKKA","operational-confirmed",""
"20308","THE X BELEK OTEL","Turizm İşletmesi Belgesi","Otel","5 Yıldızlı","ANTALYA","SERİK","ChIJU_8aZJZ9wxQRH9FU58Mnzw0","operational-confirmed",""
"2022-7-0208","THRONE NİLBAHİR RESORT & SPA","Basit Konaklama","OTEL","","ANTALYA","MANAVGAT","ChIJg7P7dPWr3BQRbVKeGRzyp7g","operational-confirmed",""
"11352","TITANIC RESORT OTEL","Turizm İşletmesi Belgesi","Otel","5 Yıldızlı","ANTALYA","MURATPAŞA","ChIJZW5zPHB5wxQRtkfE0PP54M0","operational-confirmed",""
"8591","TİME BEACH OTEL","Turizm İşletmesi Belgesi","Otel","3 Yıldızlı","ANTALYA","ALANYA","ChIJ9dG4HACj3BQRl3qUVC7pG0o","operational-confirmed",""
"8852","TİMO DELUXE RESORT","Turizm İşletmesi Belgesi","Otel","5 Yıldızlı","ANTALYA","ALANYA","ChIJ00mjBv6k3BQRQPl1pHcgzSk","operational-confirmed",""
"27393","TOLENZA HOTELS","Turizm İşletmesi Belgesi","Otel","4 Yıldızlı","ANTALYA","ALANYA","ChIJf3KEAkmj3BQRFua5dPQwPQg","operational-confirmed",""
"15159","TOURİST OTEL ANTALYA","Turizm İşletmesi Belgesi","Otel","3 Yıldızlı","ANTALYA","MURATPAŞA","ChIJTXbd1libwxQRphKP7dB0MHk","operational-confirmed",""
"20140","TRANSATLANTİK HOTEL & SPA","Turizm İşletmesi Belgesi","Otel","5 Yıldızlı","ANTALYA","KEMER","ChIJXauaaPW4wxQR0L0XIQxMKk4","operational-confirmed",""
"9147","TRENDY SİDE BEACH","Turizm İşletmesi Belgesi","Otel","4 Yıldızlı","ANTALYA","MANAVGAT","ChIJCaxQBXtZwxQRdFb063OkEKE","operational-confirmed",""
"11444","TU CASA GELİDONYA HOTEL","Turizm İşletmesi Belgesi","Otel","3 Yıldızlı","ANTALYA","KEMER","ChIJC5qDsyaR3BQRVgCg1vqvd54","operational-confirmed",""
"12240","TUI BLUE PALM GARDEN","Turizm İşletmesi Belgesi","Otel","4 Yıldızlı","ANTALYA","MANAVGAT","ChIJPQsgfFVRwxQRRu1m94sXmsQ","operational-confirmed",""
"12512","TUI BLUE SHERWOOD BELEK","Turizm İşletmesi Belgesi","Otel","5 Yıldızlı","ANTALYA","SERİK","ChIJywcAQGd7wxQRega1IgpU0NQ","operational-confirmed",""
"8098","VALERİ BEACH","Turizm İşletmesi Belgesi","Otel","3 Yıldızlı","ANTALYA","KEMER","ChIJ2TNc0pu3wxQRQ1fJHSuUATA","operational-confirmed",""
"24164","VILLA SUNFLOWER HOTEL","Turizm İşletmesi Belgesi","Otel","4 Yıldızlı","ANTALYA","ALANYA","ChIJcZb12X6Y3BQR1ggAs-ZaYuY","operational-confirmed",""
"25755","VITA SILVA OTEL","Turizm İşletmesi Belgesi","Otel","5 Yıldızlı","ANTALYA","MANAVGAT","ChIJTY_iS5pTwxQRgYP1dICP62E","operational-confirmed",""
"24591","VİKİNG BEACH OTEL","Turizm İşletmesi Belgesi","Otel","3 Yıldızlı","ANTALYA","KEMER","ChIJH5jRgmK3wxQR-Gtj8busHkA","operational-confirmed",""
"19953","VİKİNG PARK OTEL","Turizm İşletmesi Belgesi","Otel","4 Yıldızlı","ANTALYA","KEMER","ChIJQTL95fi2wxQRUlnd6UVrQok","operational-confirmed",""
"13089","VİKİNGEN İNFİNİTY RESORT & SPA","Turizm İşletmesi Belgesi","Otel","5 Yıldızlı","ANTALYA","ALANYA","ChIJ65OOuBWv3BQRgL8fUpyO86w","operational-confirmed",""
"2022-7-0196","VİVA BEACH HOTEL","Basit Konaklama","OTEL","","ANTALYA","ALANYA","ChIJp9HyP-KR3BQRh635RQRhgSI","operational-confirmed",""
"11116","WASHINGTON RESORT HOTEL&SPA","Turizm İşletmesi Belgesi","Otel","5 Yıldızlı","ANTALYA","MANAVGAT","ChIJ1ZxMfvpTwxQR_04VRUHPw3g","operational-confirmed",""
"12023","WHİTE GOLD","Turizm İşletmesi Belgesi","Otel","5 Yıldızlı","ANTALYA","ALANYA","ChIJaYZp0lKY3BQRH65Xcbe28K4","operational-confirmed",""
"1459","WIEN STAR OTEL","Turizm İşletmesi Belgesi","Otel","3 Yıldızlı","ANTALYA","ALANYA","ChIJ8WT7G16Y3BQRkRE7q0_DlmE","operational-confirmed",""
"26173","WOME DELUXE HOTEL","Turizm İşletmesi Belgesi","Otel","5 Yıldızlı","ANTALYA","ALANYA","ChIJSeI-PYWY3BQRVZfQ-ryV_bs","operational-confirmed",""
"9091","XENO EFTALİA RESORT OTEL","Turizm İşletmesi Belgesi","Otel","4 Yıldızlı","ANTALYA","ALANYA","ChIJxYxuzpOl3BQRV6EmZzoZZrk","operational-confirmed",""
"18776","XORİA DELUXE HOTEL","Turizm İşletmesi Belgesi","Otel","5 Yıldızlı","ANTALYA","ALANYA","ChIJ18E-DAml3BQRWbicBRkBOjo","operational-confirmed",""
"12435","XPERIA SARAY BEACH OTEL","Turizm İşletmesi Belgesi","Otel","4 Yıldızlı","ANTALYA","ALANYA","ChIJ_-bFV4Wi3BQR6b_en732VhA","operational-confirmed",""
"2022-7-1673","YALIHAN ASPENDOS OTEL","Basit Konaklama","OTEL","","ANTALYA","ALANYA","ChIJpRbgcamv3BQR7LKLomvg-os","operational-confirmed",""
"13594","YALIHAN UNA","Turizm İşletmesi Belgesi","Otel","4 Yıldızlı","ANTALYA","ALANYA","ChIJWaJ8mKqv3BQRZI7PUYnCc6A","operational-confirmed",""
"2022-7-0739","YAMAN LİFE OTEL","Basit Konaklama","OTEL","","ANTALYA","ALANYA","ChIJBZYVR1eY3BQRLolt-VKZjwo","operational-confirmed",""
"3535","YETKİN CLUB OTEL","Turizm İşletmesi Belgesi","Otel","4 Yıldızlı","ANTALYA","ALANYA","ChIJC6RH2AGl3BQRDppg8H8Pa5g","operational-confirmed",""
"8641","YILDIRIMOĞLU","Turizm İşletmesi Belgesi","Otel","2 Yıldızlı","ANTALYA","ALANYA","ChIJLXTfuHyY3BQR3t7lefowmDo","operational-confirmed",""
"9364","ZENA RESORT OTEL","Turizm İşletmesi Belgesi","Otel","5 Yıldızlı","ANTALYA","KEMER","ChIJp62D9Mi3wxQRBUVLITZX25Q","operational-confirmed",""
