proposedSlug,name,certificateNos,ministryDistricts,placeId,pricingRegion,pricingName,vitoPrice,sprinterPrice,status,reviewReasons
"adenya-hotel-resort","ADENYA HOTEL & RESORT","12603","ALANYA","ChIJVyYhCbqv3BQR1HTfx5J3pnk","alanya_bati","Batı Alanya","70","90","ready",""
"adin-beach-resort-spa-hotel","ADİN BEACH RESORT & SPA HOTEL","13586","ALANYA","ChIJwfuDGaOv3BQRUU2-hx4urrU","alanya_bati","Batı Alanya","70","90","ready",""
"algora-halal-hotel","ALGORA HALAL HOTEL","19238","ALANYA","ChIJXYxdgg-l3BQRMfO5enYFeXo","alanya_bati","Batı Alanya","70","90","ready",""
"anitas-otel","ANİTAS OTEL","4255","ALANYA","ChIJodm7yo-k3BQRjsRZSi0nKvo","alanya_bati","Batı Alanya","70","90","ready",""
"annabella-diamond-hotel-spa","ANNABELLA DIAMOND HOTEL & SPA","11955","ALANYA","ChIJe3nkXuWu3BQRU1Ec0X7H6U8","alanya_bati","Batı Alanya","70","90","ready",""
"annabella-park-otel","ANNABELLA PARK OTEL","22112","ALANYA","ChIJLwMpdr2v3BQRdv7D-femfyU","alanya_bati","Batı Alanya","70","90","ready",""
"aria-resort-spa","ARİA RESORT & SPA","4466","ALANYA","ChIJSeI-PYWY3BQR7l_WwN7ilpE","alanya_bati","Batı Alanya","70","90","ready",""
"aska-just-in-beach-hotel","ASKA JUST IN BEACH HOTEL","12114","ALANYA","ChIJD9BMGKmv3BQR0cAEqNkS2Ak","alanya_bati","Batı Alanya","70","90","ready",""
"azura-world-otel","AZURA WORLD OTEL","25223","ALANYA","ChIJscB1uhal3BQRRWsvf2nez1E","alanya_bati","Batı Alanya","70","90","ready",""
"beach-club-doganay-otel","BEACH CLUB DOĞANAY OTEL","8450","ALANYA","ChIJO6L6K3Cj3BQRFTs2Bswtk0g","alanya_bati","Batı Alanya","70","90","ready",""
"blue-fish-otel","BLUE FİSH OTEL","11069","ALANYA","ChIJq4EFzW-j3BQRIBl03jtESbo","alanya_bati","Batı Alanya","70","90","ready",""
"calido-sol-hotel","CALIDO SOL HOTEL","8689","ALANYA","ChIJi1AT6Oes3BQRzsyCZ2mnCeY","alanya_bati","Batı Alanya","70","90","ready",""
"caretta-beach-otel","CARETTA BEACH OTEL","4612","ALANYA","ChIJGzNDqXCk3BQRhEyngEAp5Ls","alanya_bati","Batı Alanya","70","90","ready",""
"caretta-relax-otel","CARETTA RELAX OTEL","6759","ALANYA","ChIJJ6YYf_Ok3BQR8AvJ5tnFUuM","alanya_bati","Batı Alanya","70","90","ready",""
"club-dizalya","CLUB DİZALYA","8560","ALANYA","ChIJRYMpWnal3BQRULePBbcaupk","alanya_bati","Batı Alanya","70","90","ready",""
"club-kastalia","CLUB KASTALIA","1497","ALANYA","ChIJ3cid1oyk3BQRsjP5JrR0WRA","alanya_bati","Batı Alanya","70","90","ready",""
"club-otel-mermaid-village","CLUB OTEL MERMAID VILLAGE","14377","ALANYA","ChIJ44qVyoKk3BQRxOxhmT1z8dI","alanya_bati","Batı Alanya","70","90","ready",""
"club-tess-otel","CLUB TESS OTEL","15370","ALANYA","ChIJA_D2hvmk3BQR6SvRU6cVQw8","alanya_bati","Batı Alanya","70","90","ready",""
"concordia-celes","CONCORDİA CELES","17129","ALANYA","ChIJdyUU8-as3BQR937Rx3E85JI","alanya_bati","Batı Alanya","70","90","ready",""
"dizalya-palm-garden-otel","DİZALYA PALM GARDEN OTEL","13152","ALANYA","ChIJW4912o6k3BQRJNJw5tpcQik","alanya_bati","Batı Alanya","70","90","ready",""
"eftalia-blue-hotel","EFTALIA BLUE HOTEL","23885","ALANYA","ChIJd2_lQ-al3BQRN87fQpAsXlI","alanya_bati","Batı Alanya","70","90","ready",""
"eftalia-marin-resort-otel","EFTALIA MARIN RESORT OTEL","14630","ALANYA","ChIJb9ljZL6RwxQRmyntWM67mjk","alanya_bati","Batı Alanya","70","90","ready",""
"eftalia-ocean","EFTALIA OCEAN","15846","ALANYA","ChIJ____tGSl3BQRDfqfCTmx3eQ","alanya_bati","Batı Alanya","70","90","ready",""
"eos-beach-hotel","EOS BEACH HOTEL","26111","ALANYA","ChIJs46WYKil3BQRx-iAPvWkctw","alanya_bati","Batı Alanya","70","90","ready",""
"galeri-resort-hotel","GALERİ RESORT HOTEL","5153","ALANYA","ChIJq6qq6jCs3BQRVyzIAM2FEVU","alanya_bati","Batı Alanya","70","90","ready",""
"gardenia-beach-otel","GARDENIA BEACH OTEL","6055","ALANYA","ChIJgdpKYf6s3BQRhIs4jF8PluQ","alanya_bati","Batı Alanya","70","90","ready",""
"granada-luxury-red","GRANADA LUXURY RED","24970","ALANYA","ChIJFehGPViv3BQR8rOmpCeIQTg","alanya_bati","Batı Alanya","70","90","ready",""
"grand-cortez-resort-hotel-spa","GRAND CORTEZ RESORT HOTEL & SPA","23985","ALANYA","ChIJ8wqiCS-l3BQReaww-Ace6ls","alanya_bati","Batı Alanya","70","90","ready",""
"hedef-beach-hotel","HEDEF BEACH HOTEL","25806","ALANYA","ChIJsQb9-_Kk3BQRIq5eSdORfi4","alanya_bati","Batı Alanya","70","90","ready",""
"hedef-resort-otel","HEDEF RESORT OTEL","2022-7-0456","ALANYA","ChIJl2fJLACl3BQRRn0emyDWXpA","alanya_bati","Batı Alanya","70","90","ready",""
"incekum-west-otel","İNCEKUM WEST OTEL","4103","ALANYA","ChIJ6zs6zcW9vxQR6Fz19wPhmK4","alanya_bati","Batı Alanya","70","90","ready",""
"justiniano-theodora-otel","JUSTINIANO THEODORA OTEL","17916","ALANYA","ChIJ_zboDVWs3BQR3DzNt5a-hbE","alanya_bati","Batı Alanya","70","90","ready",""
"justiniano-park-conti-otel","JUSTİNİANO PARK CONTİ OTEL","19927","ALANYA","ChIJ93obnf2s3BQRirZU6DCxJZ8","alanya_bati","Batı Alanya","70","90","ready",""
"kahya-otel","KAHYA OTEL","11547","ALANYA","ChIJu7f-jXOl3BQRk-v6WyP5rV8","alanya_bati","Batı Alanya","70","90","ready",""
"kaia-coracesium","KAİA CORACESİUM","13686","ALANYA","ChIJw6oJyE-l3BQRM9FtT9mr-6U","alanya_bati","Batı Alanya","70","90","ready",""
"laguna-beach-alya-resort-spa-hotel","LAGUNA BEACH ALYA RESORT & SPA HOTEL","18761","ALANYA","ChIJCTlMxKqt3BQRXLgf4V0cnSo","alanya_bati","Batı Alanya","70","90","ready",""
"litore-hotel","LITORE HOTEL","18107","ALANYA","ChIJSeI-PYWY3BQRYqFsEmS9dH4","alanya_bati","Batı Alanya","70","90","ready",""
"lonicera-premium","LONICERA PREMIUM","18338","ALANYA","ChIJv0voUCiZ3BQRm81DC9Ry-40","alanya_bati","Batı Alanya","70","90","ready",""
"lonicera-world-resort-spa-hotel","LONİCERA WORLD RESORT SPA HOTEL","14066","ALANYA","ChIJ9Y8NdwCv3BQRy5Pr6IJvs40","alanya_bati","Batı Alanya","70","90","ready",""
"lycus-beach-otel","LYCUS BEACH OTEL","10090","ALANYA","ChIJtxCOQP6s3BQR4myydqz7h28","alanya_bati","Batı Alanya","70","90","ready",""
"mc-arancia-resort-otel","MC ARANCIA RESORT OTEL","18609","ALANYA","ChIJ3xRqxPOk3BQRp3gzUDeEHlA","alanya_bati","Batı Alanya","70","90","ready",""
"meryan-otel","MERYAN OTEL","4799","ALANYA","ChIJTc5KlIeY3BQRimW-WBB4rkM","alanya_bati","Batı Alanya","70","90","ready",""
"miarosa-konakli-garden-otel","MIAROSA KONAKLI GARDEN OTEL","2022-7-1698","ALANYA","ChIJbxo7K4ul3BQRJ962Ng3jy5o","alanya_bati","Batı Alanya","70","90","ready",""
"mira-meridia-beach-resort-hotel","MIRA MERIDIA BEACH RESORT HOTEL","16675","ALANYA","ChIJW5dS2FOj3BQR_wBWbL_kzC4","alanya_bati","Batı Alanya","70","90","ready",""
"my-home-resort-otel","MY HOME RESORT OTEL","11113","ALANYA","ChIJV5h4faav3BQRzEDsq9HeljE","alanya_bati","Batı Alanya","70","90","ready",""
"my-home-sky-otel","MY HOME SKY OTEL","12688","ALANYA","ChIJxTQY6aWv3BQRzEVCX2wk4RA","alanya_bati","Batı Alanya","70","90","ready",""
"mylome-luxury-hotel-resort","MYLOME LUXURY HOTEL & RESORT","21102","ALANYA","ChIJ4QtzUayt3BQRrJD5CRTzxzQ","alanya_bati","Batı Alanya","70","90","ready",""
"noxinn-club-hotels","NOXINN CLUB HOTELS","G_20406","ALANYA","ChIJ636fC-Wl3BQROvJndwRu_OA","alanya_bati","Batı Alanya","70","90","ready",""
"noxinn-deluxe-hotel","NOXINN DELUXE HOTEL","20826","ALANYA","ChIJby11WnKj3BQRFvJTIc5nuyc","alanya_bati","Batı Alanya","70","90","ready",""
"numa-konaktepe-otel","NUMA KONAKTEPE OTEL","17308","ALANYA","ChIJFS363vSk3BQRYv0rpT7I_L4","alanya_bati","Batı Alanya","70","90","ready",""
"oz-hotels-sui","OZ HOTELS SUİ","15065","ALANYA","ChIJS6dSaFSs3BQR1F8RuQZLXVk","alanya_bati","Batı Alanya","70","90","ready",""
"ozkaymak-select-resort-otel","ÖZKAYMAK SELECT RESORT OTEL","15327","ALANYA","ChIJ9XbBdJqv3BQRkfiW6OaNbhw","alanya_bati","Batı Alanya","70","90","ready",""
"palmeras-beach-hotel","PALMERAS BEACH HOTEL","11475","ALANYA","ChIJ6Y0FyPuk3BQREtW596sXmX0","alanya_bati","Batı Alanya","70","90","ready",""
"perre-delta-resort-spa","PERRE DELTA RESORT & SPA","7525","ALANYA","ChIJl_QPEI2t3BQRzt-Z4gmVLto","alanya_bati","Batı Alanya","70","90","ready",""
"quattro-beach-spa-resort","QUATTRO BEACH SPA &RESORT","13520","ALANYA","ChIJSeI-PYWY3BQRobs-UEU6Rxg","alanya_bati","Batı Alanya","70","90","ready",""
"ramira-beach-hotel","RAMİRA BEACH HOTEL","16339","ALANYA","ChIJBzh1oqqv3BQRvWHcVdwLrC8","alanya_bati","Batı Alanya","70","90","ready",""
"royal-garden-beach-otel","ROYAL GARDEN BEACH OTEL","7967","ALANYA","ChIJVdk_zfak3BQRteDolPOsjnk","alanya_bati","Batı Alanya","70","90","ready",""
"rubi-hotel","RUBİ HOTEL","20710","ALANYA","ChIJpXrwFKmv3BQRB7kMjzxIfiY","alanya_bati","Batı Alanya","70","90","ready",""
"saphir-resort-spa","SAPHİR RESORT & SPA","11926","ALANYA","ChIJ25yaM_6s3BQRc5cBOF4ZO00","alanya_bati","Batı Alanya","70","90","ready",""
"senza-garden-holiday-club-hotel","SENZA GARDEN HOLIDAY CLUB HOTEL","18610","ALANYA","ChIJK_jpf8il3BQRQ_GAmoFTk9Q","alanya_bati","Batı Alanya","70","90","ready",""
"senza-the-inn-resort-spa","SENZA THE INN RESORT & SPA","19582","ALANYA","ChIJswA_o2Kl3BQRJeSSGC4a5gg","alanya_bati","Batı Alanya","70","90","ready",""
"serenity-queen-hotel","SERENİTY QUEEN HOTEL","23555","ALANYA","ChIJbxxH-Xyj3BQRo7bw6Q_hvm4","alanya_bati","Batı Alanya","70","90","ready",""
"seven-seas-palmeras-bay-hotel","SEVEN SEAS PALMERAS BAY HOTEL","4365","ALANYA","ChIJY8LGIV2l3BQReIdj34Pfg1o","alanya_bati","Batı Alanya","70","90","ready",""
"solivia-hotel","SOLIVIA HOTEL","13213","ALANYA","ChIJBWLJRzil3BQRKaMAcSUrfr4","alanya_bati","Batı Alanya","70","90","ready",""
"sun-heaven-otel","SUN HEAVEN OTEL","15427","ALANYA","ChIJY5EwYQ-l3BQRzObZ41jQs7Y","alanya_bati","Batı Alanya","70","90","ready",""
"sun-heaven-queen","SUN HEAVEN QUEEN","2022-7-0547","ALANYA","ChIJm28dZUplwBQR5Svdem-mZH8","alanya_bati","Batı Alanya","70","90","ready",""
"telatiye-resort-otel","TELATİYE RESORT OTEL","14240","ALANYA","ChIJ-YdjAHqk3BQR2KHzECCGO98","alanya_bati","Batı Alanya","70","90","ready",""
"the-marilis-hill-resort-hotel-spa","THE MARİLİS HİLL RESORT HOTEL&SPA","20834","ALANYA","ChIJ9eE9xdKt3BQRV1K5hWubTV0","alanya_bati","Batı Alanya","70","90","ready",""
"timo-deluxe-resort","TİMO DELUXE RESORT","8852","ALANYA","ChIJ00mjBv6k3BQRQPl1pHcgzSk","alanya_bati","Batı Alanya","70","90","ready",""
"vikingen-infinity-resort-spa","VİKİNGEN İNFİNİTY RESORT & SPA","13089","ALANYA","ChIJ65OOuBWv3BQRgL8fUpyO86w","alanya_bati","Batı Alanya","70","90","ready",""
"wome-deluxe-hotel","WOME DELUXE HOTEL","26173","ALANYA","ChIJSeI-PYWY3BQRVZfQ-ryV_bs","alanya_bati","Batı Alanya","70","90","ready",""
"xeno-eftalia-resort-otel","XENO EFTALİA RESORT OTEL","9091","ALANYA","ChIJxYxuzpOl3BQRV6EmZzoZZrk","alanya_bati","Batı Alanya","70","90","ready",""
"xoria-deluxe-hotel","XORİA DELUXE HOTEL","18776","ALANYA","ChIJ18E-DAml3BQRWbicBRkBOjo","alanya_bati","Batı Alanya","70","90","ready",""
"yalihan-aspendos-otel","YALIHAN ASPENDOS OTEL","2022-7-1673","ALANYA","ChIJpRbgcamv3BQR7LKLomvg-os","alanya_bati","Batı Alanya","70","90","ready",""
"yalihan-una","YALIHAN UNA","13594","ALANYA","ChIJWaJ8mKqv3BQRZI7PUYnCc6A","alanya_bati","Batı Alanya","70","90","ready",""
"yetkin-club-otel","YETKİN CLUB OTEL","3535","ALANYA","ChIJC6RH2AGl3BQRDppg8H8Pa5g","alanya_bati","Batı Alanya","70","90","ready",""
"bariscan-otel","BARIŞCAN OTEL","2022-7-0246","ALANYA","ChIJ5xhxNQOa3BQR1dIILgmUlKQ","alanya_dogu","Doğu Alanya","80","105","ready",""
"campus-hill-otel","CAMPUS HİLL OTEL","20179","ALANYA","ChIJoeJxs5WZ3BQRmDFaxaihit0","alanya_dogu","Doğu Alanya","80","105","ready",""
"club-paradiso-hotel","CLUB PARADİSO HOTEL","24499","ALANYA","ChIJcx0tdIGZ3BQRCpHgtd3W_VM","alanya_dogu","Doğu Alanya","80","105","ready",""
"graf-victor-otel","GRAF VİCTOR OTEL","2022-7-1280","ALANYA","ChIJ13MZLYSZ3BQR8n5a5GmSlmM","alanya_dogu","Doğu Alanya","80","105","ready",""
"grand-zaman-garden-otel","GRAND ZAMAN GARDEN OTEL","12464","ALANYA","ChIJrdxPlgua3BQR7f-0AYUVPLQ","alanya_dogu","Doğu Alanya","80","105","ready",""
"michell-hotel","MICHELL HOTEL","2022-7-0050","ALANYA","ChIJKXk_kpWZ3BQRWatrnHfzFWw","alanya_dogu","Doğu Alanya","80","105","ready",""
"senza-grand-santana-otel","SENZA GRAND SANTANA OTEL","22309","ALANYA","ChIJHzb1Owia3BQRuprj6kxeB44","alanya_dogu","Doğu Alanya","80","105","ready",""
"senza-sunset-beach-hotel","SENZA SUNSET BEACH HOTEL","26069","ALANYA","ChIJoT9uAZmv3BQRjIDHhIiS_0I","alanya_dogu","Doğu Alanya","80","105","ready",""
"viva-beach-hotel","VİVA BEACH HOTEL","2022-7-0196","ALANYA","ChIJp9HyP-KR3BQRh635RQRhgSI","alanya_dogu","Doğu Alanya","80","105","ready",""
"acar-otel","ACAR OTEL","2022-7-0184","ALANYA","ChIJ0-G-n1SY3BQR9tvOcLK968s","alanya_merkez","Alanya merkez","75","95","ready",""
"alaiye-kleopatra-otel","ALAİYE KLEOPATRA OTEL","2025","ALANYA","ChIJJfo_QYWi3BQR19WayxMqxFs","alanya_merkez","Alanya merkez","75","95","ready",""
"alanya-beach","ALANYA BEACH","9694","ALANYA","ChIJU_0_KgCl3BQRbzzmbciVoPc","alanya_merkez","Alanya merkez","75","95","ready",""
"alanya-buyuk-otel","ALANYA BÜYÜK OTEL","1352","ALANYA","ChIJwSpey3CY3BQRaXqLcW0enP0","alanya_merkez","Alanya merkez","75","95","ready",""
"alanya-risus-park-otel","ALANYA RISUS PARK OTEL","2022-7-1106","ALANYA","ChIJu9_R2cKZ3BQRVwLasaaTrwQ","alanya_merkez","Alanya merkez","75","95","ready",""
"alanya-sunway-hotel","ALANYA SUNWAY HOTEL","20400","ALANYA","ChIJnwibj5yi3BQRgDjMHSxy-Yk","alanya_merkez","Alanya merkez","75","95","ready",""
"alin-otel","ALİN OTEL","11388","ALANYA","ChIJ4-n3soeY3BQR-p1oqIOVIsg","alanya_merkez","Alanya merkez","75","95","ready",""
"anna-queen-hotel","ANNA QUEEN HOTEL","10469","ALANYA","ChIJf41tm5yi3BQRKE1jXhl4xz0","alanya_merkez","Alanya merkez","75","95","ready",""
"antique-roman-palace","ANTIQUE ROMAN PALACE","9115","ALANYA","ChIJgQl_hyu7yhQRJ_VreFWnank","alanya_merkez","Alanya merkez","75","95","ready",""
"arsi-enfi-city-beach-otel","ARSİ ENFİ CITY BEACH OTEL","2022-7-0630","ALANYA","ChIJL_aIvmCY3BQRoLqCYisIwL0","alanya_merkez","Alanya merkez","75","95","ready",""
"avena-mountain-otel","AVENA MOUNTAIN OTEL","25204","ALANYA","ChIJmTaNVzuh3BQRtDA_pRMuyOE","alanya_merkez","Alanya merkez","75","95","ready",""
"avlion-otel","AVLİON OTEL","24043","ALANYA","ChIJL-PmWvSj3BQRETxNs8T0CmQ","alanya_merkez","Alanya merkez","75","95","ready",""
"aysev-otel","AYSEV OTEL","2022-7-1130","ALANYA","ChIJW9-0Z5ui3BQRyTVKUDLfofc","alanya_merkez","Alanya merkez","75","95","ready",""
"azak-beach-otel","AZAK BEACH OTEL","7379","ALANYA","ChIJT7SmK5ui3BQR2WzD-XREde8","alanya_merkez","Alanya merkez","75","95","ready",""
"azak-otel","AZAK OTEL","10945","ALANYA","ChIJX2aDUIWi3BQRrvRtHs6saiY","alanya_merkez","Alanya merkez","75","95","ready",""
"balik-otel","BALIK OTEL","3307","ALANYA","ChIJU1-2jYyi3BQRrenT-RkXW-k","alanya_merkez","Alanya merkez","75","95","ready",""
"best-house-otel","BEST HOUSE OTEL","2022-7-1266","ALANYA","ChIJh0L7YISi3BQRPVumZqmi0Qw","alanya_merkez","Alanya merkez","75","95","ready",""
"blue-diamond-alya-hotel","BLUE DIAMOND ALYA HOTEL","2863","ALANYA","ChIJ2VD-UAuZ3BQRpfCRFiPHH2Y","alanya_merkez","Alanya merkez","75","95","ready",""
"blue-dream-hotel","BLUE DREAM HOTEL","2022-7-1144","ALANYA","ChIJNRioU16Y3BQR8mT0PGX_oXg","alanya_merkez","Alanya merkez","75","95","ready",""
"blue-star-otel","BLUE STAR OTEL","10048","ALANYA","ChIJLxwW1oei3BQRaOOC-eJEN4k","alanya_merkez","Alanya merkez","75","95","ready",""
"boulevard-otel","BOULEVARD OTEL","2687","ALANYA","ChIJoUryEmSY3BQRdGmvKjfWfvs","alanya_merkez","Alanya merkez","75","95","ready",""
"castello-by-mediterra-hotel","CASTELLO BY MEDITERRA HOTEL","26458","ALANYA","ChIJr0O9QQCZ3BQR9xjLEReEn0w","alanya_merkez","Alanya merkez","75","95","ready",""
"club-big-blue-suite-hotel","CLUB BIG BLUE SUITE HOTEL","17987","ALANYA","ChIJ7Wr6M1aY3BQRUBqEr53ga_M","alanya_merkez","Alanya merkez","75","95","ready",""
"day-one-beach-resort-hotel","Day One Beach Resort Hotel","20812","ALANYA","ChIJISRzG1qY3BQRq_tjH1_k5cw","alanya_merkez","Alanya merkez","75","95","ready",""
"diamond-hill-resort","DIAMOND HILL RESORT","12874","ALANYA","ChIJo8IlGQCZ3BQRJnU0-hC1RKc","alanya_merkez","Alanya merkez","75","95","ready",""
"diamore-hotel","DIAMORE HOTEL","2022-7-0091","ALANYA","ChIJlw1uVQaQwxQRJXjiLlvpMfQ","alanya_merkez","Alanya merkez","75","95","ready",""
"elysee-beach","ELYSEE BEACH","9585","ALANYA","ChIJE4NxSYWi3BQRdvNbIyeVJWw","alanya_merkez","Alanya merkez","75","95","ready",""
"elysee-rive","ELYSEE RIVE","3204","ALANYA","ChIJEeo3YF6Y3BQRX-znFYNadgA","alanya_merkez","Alanya merkez","75","95","ready",""
"en-vie-beach-otel","EN VIE BEACH OTEL","2022-7-1149","ALANYA","ChIJxWfVn3-i3BQRVZHWa601OFU","alanya_merkez","Alanya merkez","75","95","ready",""
"gardenia","GARDENİA","2455","ALANYA","ChIJCSz315qi3BQR_9sDWLLO-Fk","alanya_merkez","Alanya merkez","75","95","ready",""
"hawaii-suite-beach-otel","HAWAII SUITE BEACH OTEL","2022-7-0545","ALANYA","ChIJuW-aHl6Y3BQRm8cg6E5OeEk","alanya_merkez","Alanya merkez","75","95","ready",""
"hilal-otel","HİLAL OTEL","2022-7-0557","ALANYA","ChIJf0UNGY-i3BQRnxPQ7U5R8OA","alanya_merkez","Alanya merkez","75","95","ready",""
"hotel-ozkaymak","HOTEL ÖZKAYMAK","3073","ALANYA","ChIJGRrpPIWY3BQRCxOzOHfMWpo","alanya_merkez","Alanya merkez","75","95","ready",""
"illusion-beach-club-hotel","İLLUSİON BEACH CLUB HOTEL","2022-7-1273","ALANYA","ChIJARtI_AKj3BQRGN70Yc2ggnI","alanya_merkez","Alanya merkez","75","95","ready",""
"kadeer-hotel","KADEER HOTEL","9019","ALANYA","ChIJtVCnTGOZ3BQRh7-PKhTajN4","alanya_merkez","Alanya merkez","75","95","ready",""
"kaila-beach-hotel","KAİLA BEACH HOTEL","16205","ALANYA","ChIJq6ouu62Z3BQRmBuOsH4aqqY","alanya_merkez","Alanya merkez","75","95","ready",""
"kaila-krizantem-otel","KAİLA KRİZANTEM OTEL","4698","ALANYA","ChIJM0S4plOY3BQRKXv2fiBeUao","alanya_merkez","Alanya merkez","75","95","ready",""
"kandelor-otel","KANDELOR OTEL","19848","ALANYA","ChIJMZDcp4eY3BQRx0j6UC4YRE8","alanya_merkez","Alanya merkez","75","95","ready",""
"kleopatra-ada-beach-otel","KLEOPATRA ADA BEACH OTEL","3695","ALANYA","ChIJYx7HNoyi3BQRmw8phqLQfs4","alanya_merkez","Alanya merkez","75","95","ready",""
"kleopatra-arsi-otel","KLEOPATRA ARSİ OTEL","15354","ALANYA","ChIJ9zj9UI6i3BQRVsRT1KMjI0M","alanya_merkez","Alanya merkez","75","95","ready",""
"kleopatra-beach-otel","KLEOPATRA BEACH OTEL","4114","ALANYA","ChIJZ4-SjI6i3BQRCbOWThGjvTU","alanya_merkez","Alanya merkez","75","95","ready",""
"kleopatra-bebek-otel","KLEOPATRA BEBEK OTEL","8543","ALANYA","ChIJHzvvPJui3BQRwbUZNFCHq0g","alanya_merkez","Alanya merkez","75","95","ready",""
"kleopatra-carina-otel","KLEOPATRA CARINA OTEL","2022-7-0257","ALANYA","ChIJHRSqXZui3BQR33c_E7F_2to","alanya_merkez","Alanya merkez","75","95","ready",""
"kleopatra-life-otel","KLEOPATRA LIFE OTEL","10367","ALANYA","ChIJR2bb19uj3BQRig8nxSdrAnk","alanya_merkez","Alanya merkez","75","95","ready",""
"kleopatra-micador","KLEOPATRA MİCADOR","7904","ALANYA","ChIJCTkQHYWY3BQR6m17Pxmigo0","alanya_merkez","Alanya merkez","75","95","ready",""
"kleopatra-ramira-hotel","KLEOPATRA RAMİRA HOTEL","17085","ALANYA","ChIJHxrDsoCi3BQRUkPdgpnrmuc","alanya_merkez","Alanya merkez","75","95","ready",""
"kleopatra-royal-palm-otel","KLEOPATRA ROYAL PALM OTEL","11078","ALANYA","ChIJHSfADYyi3BQRzenOqFtT4Lk","alanya_merkez","Alanya merkez","75","95","ready",""
"kleopatra-sahara-otel","KLEOPATRA SAHARA OTEL","2022-7-0564","ALANYA","ChIJ0_wj_I6i3BQReWaUND8lLUY","alanya_merkez","Alanya merkez","75","95","ready",""
"kleopatra-smile-otel","KLEOPATRA SMİLE OTEL","26130","ALANYA","ChIJX8WLP3Gj3BQRfCO9VFordoE","alanya_merkez","Alanya merkez","75","95","ready",""
"lonicera-city-hotel","LONİCERA CİTY HOTEL","2022-7-0288","ALANYA","ChIJ2bASvoWi3BQRvvXi18BjbVE","alanya_merkez","Alanya merkez","75","95","ready",""
"merhaba-otel","MERHABA OTEL","13654","ALANYA","ChIJjSYMTmSY3BQRbQPrhAt-rdA","alanya_merkez","Alanya merkez","75","95","ready",""
"mesut-otel","MESUT OTEL","2022-7-1670","ALANYA","ChIJyb-hD1OY3BQRen29vJoAtkA","alanya_merkez","Alanya merkez","75","95","ready",""
"miss-cleopatra-hotel","MISS CLEOPATRA HOTEL","2148","ALANYA","ChIJCYVFBo-i3BQRMx9MzV6CV6E","alanya_merkez","Alanya merkez","75","95","ready",""
"midi-suites-otel","MİDİ SUİTES OTEL","2022-7-0590","ALANYA","ChIJzTgWSniZ3BQRyWrocb9b2T8","alanya_merkez","Alanya merkez","75","95","ready",""
"miray-otel","MİRAY OTEL","4579","ALANYA","ChIJX9VhHgCj3BQRreNAz_A2WP0","alanya_merkez","Alanya merkez","75","95","ready",""
"mola-otel","MOLA OTEL","2022-7-0428","ALANYA","ChIJy1Xjj5yi3BQRG30ybHKWA9U","alanya_merkez","Alanya merkez","75","95","ready",""
"monart-city-otel","MONART CITY OTEL","3139","ALANYA","ChIJEbeQUlmY3BQRLoyHlb5VpXg","alanya_merkez","Alanya merkez","75","95","ready",""
"monte-carlo","MONTE CARLO","5072","ALANYA","ChIJS9qannCY3BQRCWcOR-FQc8Y","alanya_merkez","Alanya merkez","75","95","ready",""
"moonbow-beach-hotel","MOONBOW BEACH HOTEL","23119","ALANYA","ChIJM6tELquZ3BQRVVhIP9gbamg","alanya_merkez","Alanya merkez","75","95","ready",""
"muz-otel","MUZ OTEL","2022-7-0202","ALANYA","ChIJAQAAFRuj3BQRxdIz_2QIHt4","alanya_merkez","Alanya merkez","75","95","ready",""
"novis-hotel-cleopatra","NOVİS HOTEL CLEOPATRA","6312","ALANYA","ChIJT9StywGj3BQR-JVeyrq_MEk","alanya_merkez","Alanya merkez","75","95","ready",""
"oba-star-otel-spa","OBA STAR OTEL & SPA","12951","ALANYA","ChIJsaaLblOY3BQRttAplmH1ySs","alanya_merkez","Alanya merkez","75","95","ready",""
"palm-city-alanya-hotel","PALM CİTY ALANYA HOTEL","2022-7-1299","ALANYA","ChIJB88n3ruZ3BQRHCm5mOFIhaU","alanya_merkez","Alanya merkez","75","95","ready",""
"ramira-joy-hotel","RAMİRA JOY HOTEL","2022-7-0093","ALANYA","ChIJB0ulN4Ki3BQR10ot_we9EbA","alanya_merkez","Alanya merkez","75","95","ready",""
"relax-beach-hotel","RELAX BEACH HOTEL","2022-7-0546","ALANYA","ChIJ7QV2YiGZ3BQR6TuzPka51vw","alanya_merkez","Alanya merkez","75","95","ready",""
"resitalya-otel","RESİTALYA OTEL","2022-7-0561","ALANYA","ChIJ73L0XV6Y3BQRdxj49704DOM","alanya_merkez","Alanya merkez","75","95","ready",""
"riviera-otel","RİVİERA OTEL","8539","ALANYA","ChIJT7SmK5ui3BQRR3rVCS6e3L0","alanya_merkez","Alanya merkez","75","95","ready",""
"riviera-zen-otel","RİVİERA ZEN OTEL","2456","ALANYA","ChIJEb0ygVKj3BQRqWYpAeCTljY","alanya_merkez","Alanya merkez","75","95","ready",""
"rosella-hotel","ROSELLA HOTEL","2022-7-0740","ALANYA","ChIJAb3MVHyZ3BQRLrkEJcIcm_M","alanya_merkez","Alanya merkez","75","95","ready",""
"royal-otel","ROYAL OTEL","2022-7-1214","ALANYA","ChIJfb0XpPai3BQRl2IByIMl4kk","alanya_merkez","Alanya merkez","75","95","ready",""
"saritas-otel","SARITAŞ OTEL","10151","ALANYA","ChIJSeI-PYWY3BQR8k_f_9ykVI8","alanya_merkez","Alanya merkez","75","95","ready",""
"sette-serenity-otel","SETTE SERENITY OTEL","2022-7-0619","ALANYA","ChIJPW6Lg1OY3BQRLS49RLLFcfE","alanya_merkez","Alanya merkez","75","95","ready",""
"simply-fine-hotel-alize","SİMPLY FİNE HOTEL ALİZE","18682","ALANYA","ChIJt5i7mCyZ3BQR-CvwkOb_gBs","alanya_merkez","Alanya merkez","75","95","ready",""
"sultan-sipahi-resort-hotel","SULTAN SİPAHİ RESORT HOTEL","8429","ALANYA","ChIJ6w4BbJui3BQR8CTSZnHYCBQ","alanya_merkez","Alanya merkez","75","95","ready",""
"sun-vera-otel","SUN VERA OTEL","2022-7-0628","ALANYA","ChIJ_QRhcaCj3BQRT2SH1s_AMhk","alanya_merkez","Alanya merkez","75","95","ready",""
"sunny-hill-alya","SUNNY HİLL ALYA","5052","ALANYA","ChIJGyXBuZ2i3BQRH_6s_rljLoo","alanya_merkez","Alanya merkez","75","95","ready",""
"tac-premier-hotel-spa","TAÇ PREMIER HOTEL & SPA","11828","ALANYA","ChIJL4Mk4Aqa3BQRP7g9M5NMOWY","alanya_merkez","Alanya merkez","75","95","ready",""
"temiz-otel","TEMİZ OTEL","2022-7-0568","ALANYA","ChIJJavJKHeY3BQRRoZMz3xwtso","alanya_merkez","Alanya merkez","75","95","ready",""
"time-beach-otel","TİME BEACH OTEL","8591","ALANYA","ChIJ9dG4HACj3BQRl3qUVC7pG0o","alanya_merkez","Alanya merkez","75","95","ready",""
"tolenza-hotels","TOLENZA HOTELS","27393","ALANYA","ChIJf3KEAkmj3BQRFua5dPQwPQg","alanya_merkez","Alanya merkez","75","95","ready",""
"villa-sunflower-hotel","VILLA SUNFLOWER HOTEL","24164","ALANYA","ChIJcZb12X6Y3BQR1ggAs-ZaYuY","alanya_merkez","Alanya merkez","75","95","ready",""
"white-gold","WHİTE GOLD","12023","ALANYA","ChIJaYZp0lKY3BQRH65Xcbe28K4","alanya_merkez","Alanya merkez","75","95","ready",""
"wien-star-otel","WIEN STAR OTEL","1459","ALANYA","ChIJ8WT7G16Y3BQRkRE7q0_DlmE","alanya_merkez","Alanya merkez","75","95","ready",""
"xperia-saray-beach-otel","XPERIA SARAY BEACH OTEL","12435","ALANYA","ChIJ_-bFV4Wi3BQR6b_en732VhA","alanya_merkez","Alanya merkez","75","95","ready",""
"yaman-life-otel","YAMAN LİFE OTEL","2022-7-0739","ALANYA","ChIJBZYVR1eY3BQRLolt-VKZjwo","alanya_merkez","Alanya merkez","75","95","ready",""
"yildirimoglu","YILDIRIMOĞLU","8641","ALANYA","ChIJLXTfuHyY3BQR3t7lefowmDo","alanya_merkez","Alanya merkez","75","95","ready",""
"bilem-hotel","BİLEM HOTEL","20132","MURATPAŞA","ChIJ9QFoLv-bwxQRx0gDCplxVs0","antalya","Antalya şehir merkezi","35","60","ready",""
"birpa-kundu-otel","BİRPA KUNDU OTEL","25032","MURATPAŞA","ChIJhVXvFUaDwxQRO_sTxp_V-ZU","antalya","Antalya şehir merkezi","35","60","ready",""
"blue-more-suite-hotel","BLUE MORE SUİTE  HOTEL","G_26416","KONYAALTI","ChIJySwoXiKRwxQRUIvmmesZW8M","antalya","Antalya şehir merkezi","35","60","ready",""
"citrus-urban-hotel","CİTRUS URBAN HOTEL","26377","KONYAALTI","ChIJCcuAY6CRwxQRialR5JgHk8c","antalya","Antalya şehir merkezi","35","60","ready",""
"deluxe-ersoy-hotel","DELUXE ERSOY HOTEL","2022-7-1071","MURATPAŞA","ChIJBU3hiweRwxQROdu_aIFBjIo","antalya","Antalya şehir merkezi","35","60","ready",""
"europa-selale-hotel","EUROPA ŞELALE HOTEL","G_25972","KONYAALTI","ChIJxexh46SRwxQRmo9DZcOdkpI","antalya","Antalya şehir merkezi","35","60","ready",""
"in-the-middle","IN THE MIDDLE","22533","MURATPAŞA","ChIJ5f6lBamRwxQR0uxMvAHu3s8","antalya","Antalya şehir merkezi","35","60","ready",""
"opera-hotel-antalya","OPERA HOTEL ANTALYA","4504","KONYAALTI","ChIJOR4X0geRwxQRonzsrQKuSA4","antalya","Antalya şehir merkezi","35","60","ready",""
"belenli-resort-hotel-belek","BELENLİ RESORT HOTEL BELEK","G_26130","SERİK","ChIJORx1u2B7wxQRfzV3Qy7L0Lw","belek","Belek","40","70","ready",""
"belkon-hotel","BELKON HOTEL","2022-7-0779","SERİK","ChIJo15LL-N7wxQRjUhUlFhzdYw","belek","Belek","40","70","ready",""
"mercure-antalya-belek-otel","MERCURE ANTALYA BELEK OTEL","19266","SERİK","ChIJMR3-ie17wxQRlD1TjW1Gwi0","belek","Belek","40","70","ready",""
"paloma-sencia","PALOMA SENCIA","7346","SERİK","ChIJ0wWOGgBlwxQRywiDd3684QA","belek","Belek","40","70","ready",""
"pascha-otel","PASCHA OTEL","2022-7-1488","SERİK","ChIJLzBJAfV9wxQRSlBb8y3pVU0","belek","Belek","40","70","ready",""
"selectum-noa-belek","SELECTUM NOA BELEK","4601","SERİK","ChIJuQv5mL1kwxQRdcA9MFF4ReQ","belek","Belek","40","70","ready",""
"sy-hotels-belek","SY HOTELS BELEK","27009","SERİK","ChIJERi-_L17wxQRT0WLJXq0r-U","belek","Belek","40","70","ready",""
"the-x-belek-otel","THE X BELEK OTEL","20308","SERİK","ChIJU_8aZJZ9wxQRH9FU58Mnzw0","belek","Belek","40","70","ready",""
"armas-life-belek-otel","ARMAS LİFE  BELEK OTEL","2022-7-1224","SERİK","ChIJo_g5Hg1kwxQRQdedypPUA1Q","bogazkent","Boğazkent","45","80","ready",""
"black-royal-belek","Black Royal Belek","27253","SERİK","ChIJ7R4mgrdlwxQRgySTIFSRYok","bogazkent","Boğazkent","45","80","ready",""
"sensitive-premium-resort","SENSITIVE PREMIUM RESORT","16338","SERİK","ChIJ0y6GYnlkwxQRWWUVbasntOA","bogazkent","Boğazkent","45","80","ready",""
"siam-elegance-hotel-spa","SİAM ELEGANCE HOTEL&SPA","11094","SERİK","ChIJFWBF2QxkwxQRzOoGdQxqCBI","bogazkent","Boğazkent","45","80","ready",""
"tui-blue-sherwood-belek","TUI BLUE SHERWOOD BELEK","12512","SERİK","ChIJywcAQGd7wxQRega1IgpU0NQ","bogazkent","Boğazkent","45","80","ready",""
"drita-otel","DRİTA OTEL","12642","ALANYA","ChIJW4A4iI6Q3BQRm13U9D8OudY","kargicak","Kargıcak","90","115","ready",""
"kirbiyik-resort-otel","KIRBIYIK RESORT OTEL","6234","ALANYA","ChIJr5kQIHuQ3BQRuwInSiPTpBg","kargicak","Kargıcak","90","115","ready",""
"sedir-park-joy-otel","SEDİR PARK JOY OTEL","23192","ALANYA","ChIJrRj-YTCbwxQRq0blRTGTOD4","kargicak","Kargıcak","90","115","ready",""
"adalin-resort-otel","ADALİN RESORT OTEL","2022-7-1737","KEMER","ChIJOcikYMO3wxQRocYkr09dAnM","kemer","Kemer","55","90","ready",""
"alder-garden-hotel","ALDER GARDEN HOTEL","2022-7-0379","KEMER","ChIJSzD7JLe5wxQRMpQVBSQNcCI","kemer","Kemer","55","90","ready",""
"alder-resort-otel","ALDER RESORT OTEL","23650","KEMER","ChIJW5kygDe5wxQRMb6voQOsXjo","kemer","Kemer","55","90","ready",""
"ambassador-plaza","AMBASSADOR PLAZA","12110","KEMER","ChIJe1e8dZm3wxQRQ19Skenj97g","kemer","Kemer","55","90","ready",""
"anita-dream-hotel","ANİTA DREAM HOTEL","2022-7-1683","KEMER","ChIJoxbmoP-3wxQR-vU1QVOg1do","kemer","Kemer","55","90","ready",""
"ares-blue-otel","ARES BLUE OTEL","2022-7-0638","KEMER","ChIJF07P9f62wxQRmXqDGAXY9ZE","kemer","Kemer","55","90","ready",""
"armas-beach-hotel","ARMAS BEACH HOTEL","2022-7-0172","KEMER","ChIJF0Y_g4C3wxQRILGsZ2_twQs","kemer","Kemer","55","90","ready",""
"armas-gul-beach-otel","ARMAS GÜL BEACH OTEL","2022-7-0171|2022-7-0170","KEMER","ChIJz6gcviK3wxQRC9r6N27YSTk","kemer","Kemer","55","90","ready",""
"armas-labada-otel","ARMAS LABADA OTEL","17954","KEMER","ChIJY5zZLGe2wxQR1nW1fYUCmj0","kemer","Kemer","55","90","ready",""
"aybel-inn-hotel","AYBEL İNN HOTEL","2022-7-0531","KEMER","ChIJ65zMKw6_wxQRq_KJ3vHDlNw","kemer","Kemer","55","90","ready",""
"aysu-tunc-hotel","AYSU TUNÇ HOTEL","2022-7-1648","KEMER","ChIJ_0iFCwC_wxQRXSbZlB7g95E","kemer","Kemer","55","90","ready",""
"baia-salima-kemer","BAIA SALİMA KEMER","2546","KEMER","ChIJDYNqkyW_wxQR8RVK7AiZOkQ","kemer","Kemer","55","90","ready",""
"balmy-beach-resort-kemer","BALMY BEACH RESORT KEMER","21714","KEMER","ChIJ8fevahm3wxQR9b45G8zlIdc","kemer","Kemer","55","90","ready",""
"balmy-foresta","BALMY FORESTA","2615","KEMER","ChIJj_o1awC_wxQRJtG4gli3Ucg","kemer","Kemer","55","90","ready",""
"belcan-hotel","BELCAN HOTEL","2022-7-1105","KEMER","ChIJZ6omQJy_wxQRMFSSknVsVIg","kemer","Kemer","55","90","ready",""
"belpoint-beach-hotel","BELPOINT BEACH HOTEL","2022-7-1376","KEMER","ChIJpSo0J6O3wxQRrSQGKx9gGrY","kemer","Kemer","55","90","ready",""
"belsea-hotel","BELSEA HOTEL","2022-7-1758","KEMER","ChIJARV81e2_wxQRguCgLAN3LC8","kemer","Kemer","55","90","ready",""
"belsun-hotel","BELSUN HOTEL","2022-7-0461","KEMER","ChIJQUy7C9y_wxQR_OWxvJbqqas","kemer","Kemer","55","90","ready",""
"castle-park-hotel","CASTLE PARK HOTEL","2022-7-0601","KEMER","ChIJmyx0s26_wxQRhnG9YIXnsQ4","kemer","Kemer","55","90","ready",""
"catamaran","CATAMARAN","8979","KEMER","ChIJTVVVVZK3wxQRPJ_uQXBaJJ8","kemer","Kemer","55","90","ready",""
"city-otel-ambassador","CİTY OTEL AMBASSADOR","2022-7-1075|2022-7-0964","KEMER","ChIJea_Y3mO3wxQRW39fVYFutW0","kemer","Kemer","55","90","ready",""
"club-otel-rama","CLUB  OTEL  RAMA","11006","KEMER","ChIJQ3z6MtS4wxQRqmSv2jkfwKM","kemer","Kemer","55","90","ready",""
"club-boran-mare-beach","CLUB BORAN MARE BEACH","4497","KEMER","ChIJBZzOh_q4wxQRmdkYA2aDMgM","kemer","Kemer","55","90","ready",""
"club-hotel-belpinar","CLUB HOTEL BELPINAR","2022-7-0581","KEMER","ChIJYz2GEai_wxQRxsq_Y4ePBGI","kemer","Kemer","55","90","ready",""
"club-hotel-sunbel","CLUB HOTEL SUNBEL","11102","KEMER","ChIJlxaOCiO_wxQR1PM5s3_diX4","kemer","Kemer","55","90","ready",""
"club-marakesh-beach-hotel","CLUB MARAKESH BEACH HOTEL","13254","KEMER","ChIJ8bmrKUe_wxQRDE2cBP4E39U","kemer","Kemer","55","90","ready",""
"club-marco-polo","CLUB MARCO POLO","12870","KEMER","ChIJNw2cNQDJwxQRS_ez5kWkdY4","kemer","Kemer","55","90","ready",""
"corendon-hydros-club-kemer","CORENDON HYDROS CLUB KEMER","7111","KEMER","ChIJUU-8hZq3wxQRZtllIcLJwmg","kemer","Kemer","55","90","ready",""
"camyuva-beach-hotel","ÇAMYUVA BEACH HOTEL","9347","KEMER","ChIJf_saTGa2wxQRrH0iHKFrDJA","kemer","Kemer","55","90","ready",""
"daima-biz-hotel","DAİMA BİZ HOTEL","14299","KEMER","ChIJv80aCFi2wxQRK4DtXCX_cPo","kemer","Kemer","55","90","ready",""
"dedeman-kemer-resort","DEDEMAN KEMER RESORT","2022-7-1110","KEMER","ChIJ26Pj-VW3wxQRBMXkIygG888","kemer","Kemer","55","90","ready",""
"dosinia-luxury-resort","DOSINIA LUXURY RESORT","G_25679","KEMER","ChIJHYRgoKK4wxQRMMtLDts2qnE","kemer","Kemer","55","90","ready",""
"edem-flower-otel","EDEM FLOWER OTEL","2022-7-1491","KEMER","ChIJwxjurgq3wxQRE6R3b_hWnAE","kemer","Kemer","55","90","ready",""
"elamir-resort-hotel","ELAMIR RESORT HOTEL","17537","KEMER","ChIJPUvH3iVZwxQR6hlp5Hz7V-A","kemer","Kemer","55","90","ready",""
"elijah-hotel","ELIJAH HOTEL","2022-7-1478","KEMER","ChIJAQBA6KC3wxQR44rvPYW5LBw","kemer","Kemer","55","90","ready",""
"elit-life-hotel","ELİT LİFE HOTEL","2022-7-0444","KEMER","ChIJc-Aya2a2wxQRc9TWqQiCJmM","kemer","Kemer","55","90","ready",""
"emelda-sun-club","EMELDA SUN CLUB","27397","KEMER","ChIJA9MW0G-2wxQRqaWWykx-v_Y","kemer","Kemer","55","90","ready",""
"erkal-resort-hotel","ERKAL RESORT HOTEL","2022-7-0535","KEMER","ChIJx4rO0423wxQRqUWuaj8Ww04","kemer","Kemer","55","90","ready",""
"esma-clove-resort","ESMA CLOVE RESORT","12032","KEMER","ChIJXW-0IvW3wxQRaMOlW-zi5hQ","kemer","Kemer","55","90","ready",""
"fame-beach-hotel","FAME BEACH HOTEL","6239","KEMER","ChIJ6URHQpm3wxQRkK1I-AC2_Ok","kemer","Kemer","55","90","ready",""
"fame-residence-goynuk-otel","FAME RESİDENCE GÖYNÜK OTEL","16174","KEMER","ChIJ93La3_a4wxQRKeWDxVkSWhk","kemer","Kemer","55","90","ready",""
"fashiontv-luxe-resort","FASHIONTV LUXE RESORT","23071","KEMER","ChIJe523-1u5wxQRVhqzv2Cd8w4","kemer","Kemer","55","90","ready",""
"fore-resort-otel","FORE RESORT OTEL","2022-7-1495","KEMER","ChIJgQMEJ-u3wxQRv0NwB0_HAhQ","kemer","Kemer","55","90","ready",""
"forest-park","FOREST PARK","10021","KEMER","ChIJQYoJsKS3wxQRFZc6fR4FigQ","kemer","Kemer","55","90","ready",""
"fun-sun-smart-akman-beach","FUN SUN SMART AKMAN BEACH","2022-7-1467","KEMER","ChIJTYrmjXa2wxQRghj3_7V6mHA","kemer","Kemer","55","90","ready",""
"fun-sun-smart-lurea-beach","FUN SUN SMART LUREA BEACH","11558","KEMER","ChIJgQsBh_a3wxQR_gDkuNOwMQU","kemer","Kemer","55","90","ready",""
"garden-park-beldibi-hotel","GARDEN PARK BELDİBİ HOTEL","G_25248","KEMER","ChIJjTw9zw-_wxQR9juwSbulWt8","kemer","Kemer","55","90","ready",""
"golden-lotus","GOLDEN LOTUS","9590","KEMER","ChIJR2Id2Ju3wxQRq_UFI1ZVzVM","kemer","Kemer","55","90","ready",""
"grand-hotel-derin","GRAND HOTEL DERİN","2021-7-0026","KEMER","ChIJLU5PcBe_wxQRuHcBONbyvvE","kemer","Kemer","55","90","ready",""
"grand-mir-amor-hotel-spa","GRAND MİR'AMOR HOTEL & SPA","G_25152","KEMER","ChIJMTPuVwC3wxQRCWkjeg4QJvg","kemer","Kemer","55","90","ready",""
"grand-nar-otel","GRAND NAR OTEL","2022-7-0530","KEMER","ChIJ-2_iU6S3wxQRJvBpr80g-3c","kemer","Kemer","55","90","ready",""
"grand-viking","GRAND VİKİNG","2022-7-0467","KEMER","ChIJP2NKq6W3wxQRxJFxdlxuwZg","kemer","Kemer","55","90","ready",""
"gul-mountain-hotel","GÜL MOUNTAIN HOTEL","2022-7-1292","KEMER","ChIJyR1dmv3FwxQRVsuAjUJCTi4","kemer","Kemer","55","90","ready",""
"gypsophila-club-marine","GYPSOPHILA CLUB MARINE","3756","KEMER","ChIJW27GEvbIwxQRRCq4LT1_BjY","kemer","Kemer","55","90","ready",""
"hotel-golden-sun","HOTEL GOLDEN SUN","12490","KEMER","ChIJM6oDiBe_wxQR1BHumrwC-qE","kemer","Kemer","55","90","ready",""
"karmir-resort-spa-hotel","KARMİR RESORT & SPA HOTEL","14330","KEMER","ChIJ8wAAAPC4wxQR4VbkdcjqxUg","kemer","Kemer","55","90","ready",""
"kemer-dream-otel","KEMER DREAM OTEL","12200","KEMER","ChIJQ08eWZC3wxQR1P7WcT6-aVg","kemer","Kemer","55","90","ready",""
"l-ancora-beach-hotel","L'ANCORA BEACH HOTEL","2881","KEMER","ChIJTdEpbpm3wxQR45zLUktqBKw","kemer","Kemer","55","90","ready",""
"l-oceanica-beach-resort","L'OCEANICA BEACH RESORT","10102","KEMER","ChIJf0rL32a2wxQRdrY1mhTn60k","kemer","Kemer","55","90","ready",""
"lims-bona-dea-beach-hotel","LİMS BONA DEA BEACH HOTEL","2022-7-0646","KEMER","ChIJawopIbC3wxQRG6-iN4bir_I","kemer","Kemer","55","90","ready",""
"lucida-beach-hotel","LUCIDA BEACH HOTEL","10142","KEMER","ChIJtY5bima2wxQRudl40gjwpco","kemer","Kemer","55","90","ready",""
"ma-biche-kemer-by-werde-hotels","MA BICHE KEMER BY WERDE HOTELS","8542","KEMER","ChIJc1x31Oe5wxQRMMbk5hiJzQA","kemer","Kemer","55","90","ready",""
"magic-sun-otel","MAGIC SUN OTEL","2022-7-1575","KEMER","ChIJsbD2wqW_wxQRpbcfWCY8KgM","kemer","Kemer","55","90","ready",""
"malibu-garden-resort","MALİBU GARDEN RESORT","2022-7-1742","KEMER","ChIJq0U2cv62wxQRmEcFXTSPt7g","kemer","Kemer","55","90","ready",""
"mirada-del-mar-hotel","MİRADA DEL MAR HOTEL","G_24137","KEMER","ChIJ9zFH-ua4wxQRSkD0EIwgVlg","kemer","Kemer","55","90","ready",""
"more-otel","MORE OTEL","2022-7-1481","KEMER","ChIJe-02_gW_wxQRNE_7JY8yvso","kemer","Kemer","55","90","ready",""
"neuron-otel","NEURON OTEL","21772","KEMER","ChIJ9zn1HLK5wxQROeeET3X3rKM","kemer","Kemer","55","90","ready",""
"ng-phaselis-bay","NG PHASELIS BAY","18875","KEMER","ChIJobI6a4PLwxQRD6Sz71MlqF0","kemer","Kemer","55","90","ready",""
"olya-otel","OLYA OTEL","2022-7-1581","KEMER","ChIJneNml35XwxQR2Av0c6foDYc","kemer","Kemer","55","90","ready",""
"onkel-hotels-beldibi-resort","ONKEL HOTELS BELDİBİ RESORT","11177","KEMER","ChIJqXIm-PO4wxQRSO6QC2R7zXg","kemer","Kemer","55","90","ready",""
"oranj-ranch-hotel","ORANJ RANCH HOTEL","2022-7-1080","KEMER","ChIJvWc1gQu2wxQRtyFnQWddtCs","kemer","Kemer","55","90","ready",""
"ozkaymak-marina-otel","ÖZKAYMAK MARİNA OTEL","2022-7-0982","KEMER","ChIJfRRzCZi3wxQRPXuJ8wsWeL4","kemer","Kemer","55","90","ready",""
"pera-aura","PERA AURA","27382","KEMER","ChIJqzYifpC3wxQRd7YQuAFlaIc","kemer","Kemer","55","90","ready",""
"rios-latte-beach-otel","RIOS LATTE BEACH OTEL","2022-7-1387","KEMER","ChIJ-XRL5Qe_wxQRisIPg4Yuv1s","kemer","Kemer","55","90","ready",""
"ring-beach-otel","RİNG BEACH OTEL","2022-7-1474","KEMER","ChIJbb4GsRC_wxQRhTE_0iWHDLc","kemer","Kemer","55","90","ready",""
"rk-magic-dream-hotel","RK MAGİC DREAM HOTEL","26174","KEMER","ChIJxU6WK4y3wxQR-SRtkfNOqYs","kemer","Kemer","55","90","ready",""
"robinson-club-camyuva","ROBINSON CLUB ÇAMYUVA","12069","KEMER","ChIJvWj609i1wxQRrUVrZR72PLY","kemer","Kemer","55","90","ready",""
"rose-garden-premium-hotel","ROSE GARDEN PREMİUM HOTEL","24745","KEMER","ChIJq3Qpop23wxQRhUMrGGBEbXk","kemer","Kemer","55","90","ready",""
"rox-resort-hotel","ROX RESORT HOTEL","16316","KEMER","ChIJecMZxKi3wxQR4UlL7S5jdiA","kemer","Kemer","55","90","ready",""
"sailor-s-beach-club","SAILOR'S BEACH CLUB","8550","KEMER","ChIJz26SQgK3wxQRfGjkrrlCK9Y","kemer","Kemer","55","90","ready",""
"santana-hotel","SANTANA HOTEL","2022-7-1374","KEMER","ChIJZZBaKQm_wxQR4L_VGBD9yt8","kemer","Kemer","55","90","ready",""
"sealife-kemer-resort-hotel","SEALIFE KEMER RESORT HOTEL","21775","KEMER","ChIJxeRjcgm3wxQRFRHMndsaBm8","kemer","Kemer","55","90","ready",""
"selcukhan-hotel","SELÇUKHAN HOTEL","2022-7-0584","KEMER","ChIJ82hLF6i_wxQRVS7zXvFxyB8","kemer","Kemer","55","90","ready",""
"sveo-resort-kemer","SVEO RESORT KEMER","2366","KEMER","ChIJ9T2C4Aa3wxQRGN1ox8-2Z5Q","kemer","Kemer","55","90","ready",""
"swandor-hotels-resorts-kemer","SWANDOR HOTELS & RESORTS KEMER","5833","KEMER","ChIJObboQ_m2wxQRsVzsrZwstcQ","kemer","Kemer","55","90","ready",""
"tal-beach-hotel","TAL BEACH HOTEL","2022-7-0644","KEMER","ChIJ4VUrSX25wxQRr_k5eYOj6SA","kemer","Kemer","55","90","ready",""
"the-norm-oriental-otel","THE NORM ORIENTAL OTEL","5499","KEMER","ChIJ2wWFC9u3wxQRpYR6dkMoKKA","kemer","Kemer","55","90","ready",""
"transatlantik-hotel-spa","TRANSATLANTİK HOTEL & SPA","20140","KEMER","ChIJXauaaPW4wxQR0L0XIQxMKk4","kemer","Kemer","55","90","ready",""
"valeri-beach","VALERİ BEACH","8098","KEMER","ChIJ2TNc0pu3wxQRQ1fJHSuUATA","kemer","Kemer","55","90","ready",""
"viking-beach-otel","VİKİNG BEACH OTEL","24591","KEMER","ChIJH5jRgmK3wxQR-Gtj8busHkA","kemer","Kemer","55","90","ready",""
"viking-park-otel","VİKİNG PARK OTEL","19953","KEMER","ChIJQTL95fi2wxQRUlnd6UVrQok","kemer","Kemer","55","90","ready",""
"zena-resort-otel","ZENA RESORT OTEL","9364","KEMER","ChIJp62D9Mi3wxQRBUVLITZX25Q","kemer","Kemer","55","90","ready",""
"club-hotel-turan-prince-world","CLUB HOTEL TURAN PRİNCE WORLD","3676","MANAVGAT","ChIJexkPXtBe2xQRUXvSC4so7TE","kizilagac","Manavgat/Kızılağaç","60","95","ready",""
"club-nena","CLUB NENA","4407","MANAVGAT","ChIJX74wAP9TwxQRGdeOITY1prk","kizilagac","Manavgat/Kızılağaç","60","95","ready",""
"selectum-family-resort-side","SELECTUM FAMILY RESORT SİDE","18145","MANAVGAT","ChIJ-VceAeCsxBQRUgJ6YWpjC1k","kizilagac","Manavgat/Kızılağaç","60","95","ready",""
"selectum-family-comfort-side","SELECTUM FAMİLY COMFORT SİDE","10977","MANAVGAT","ChIJz-C9WfpTwxQRSSdKLkqtNR0","kizilagac","Manavgat/Kızılağaç","60","95","ready",""
"skys-hotel","SKYS HOTEL","2022-7-0460","MANAVGAT","ChIJP4xMyo9TwxQRUNKQKxsO8rk","kizilagac","Manavgat/Kızılağaç","60","95","ready",""
"tui-blue-palm-garden","TUI BLUE PALM GARDEN","12240","MANAVGAT","ChIJPQsgfFVRwxQRRu1m94sXmsQ","kizilagac","Manavgat/Kızılağaç","60","95","ready",""
"vita-silva-otel","VITA SILVA OTEL","25755","MANAVGAT","ChIJTY_iS5pTwxQRgYP1dICP62E","kizilagac","Manavgat/Kızılağaç","60","95","ready",""
"washington-resort-hotel-spa","WASHINGTON RESORT HOTEL&SPA","11116","MANAVGAT","ChIJ1ZxMfvpTwxQR_04VRUHPw3g","kizilagac","Manavgat/Kızılağaç","60","95","ready",""
"a-hotel-side","A HOTEL SİDE","21655","MANAVGAT","ChIJWy7MeRZZwxQR83ISvgQWJLo","side","Side","50","85","ready",""
"alessia-hotel","ALESSIA HOTEL","25517","MANAVGAT","ChIJB8VV7IVZwxQRXoCDlXkwcio","side","Side","50","85","ready",""
"arcanus-trendline-resort-side","ARCANUS TRENDLİNE RESORT SİDE","20498","MANAVGAT","ChIJQ9j-NrRXwxQRoje2e4Y0hmA","side","Side","50","85","ready",""
"barut-b-suites","BARUT B SUITES","12184","MANAVGAT","ChIJj4JtNs9ewxQRVVV9vrd5M0k","side","Side","50","85","ready",""
"barut-goia-otel","BARUT GOIA OTEL","23621","MANAVGAT","ChIJA5EV5IZZwxQRIXKH2PGKl1w","side","Side","50","85","ready",""
"bella-resort-spa","BELLA RESORT &SPA","27357","MANAVGAT","ChIJIftI4V1ewxQR5xTPKloFVug","side","Side","50","85","ready",""
"berry-blue-hotel","BERRY BLUE HOTEL","26309","MANAVGAT","ChIJo-Ty9MZZwxQR6m46ox551JU","side","Side","50","85","ready",""
"beyaz-saray-otel","BEYAZ SARAY OTEL","2022-7-1388","MANAVGAT","ChIJO_jrCplZwxQRTGlzgiA2bbM","side","Side","50","85","ready",""
"bieno-venus-hotel","BİENO VENÜS HOTEL","G_25724","MANAVGAT","ChIJzxcWzMlnwRQRV6BdjiiZDe4","side","Side","50","85","ready",""
"can-garden-resort-otel","CAN GARDEN RESORT OTEL","11604","MANAVGAT","ChIJX4LJIO9ewxQRMvlAIN_j6Rc","side","Side","50","85","ready",""
"club-grand-side","CLUB GRAND SİDE","6448","MANAVGAT","ChIJXf6cj_FewxQRqltZ7X7F4xM","side","Side","50","85","ready",""
"club-side-coast-hotel","CLUB SİDE COAST HOTEL","26021|16186","MANAVGAT","ChIJi9zMyMNewxQRbKRBQULtx_I","side","Side","50","85","ready",""
"defne-dream","DEFNE DREAM","7763","MANAVGAT","ChIJX-JRGEdHdkAR7gXlKAGAT60","side","Side","50","85","ready",""
"defne-garden","DEFNE GARDEN","11050","MANAVGAT","ChIJgymPDjVZwxQRd5T0oJwQqro","side","Side","50","85","ready",""
"diamond-premium-hotel","DİAMOND PREMİUM HOTEL","15641","MANAVGAT","ChIJF2mtcUtXwxQRyo65MLo5LV8","side","Side","50","85","ready",""
"dosi-otel","DOSİ OTEL","13680","MANAVGAT","ChIJUa5lDrDmn0ARsQQGxBA0q3o","side","Side","50","85","ready",""
"dream-water-world","DREAM WATER WORLD","20583","MANAVGAT","ChIJT0umQiZZwxQRlvAd2w3CGPE","side","Side","50","85","ready",""
"dream-world-palace-hotel","DREAM WORLD PALACE HOTEL","20566","MANAVGAT","ChIJIfhjJQZfwxQRf58Dw8CPyUE","side","Side","50","85","ready",""
"dream-world-resort-hotel-spa","DREAM WORLD RESORT HOTEL & SPA","13821","MANAVGAT","ChIJc32DQ8xewxQRqmb14jXD6ew","side","Side","50","85","ready",""
"ersan-otel","ERSAN OTEL","2022-7-1092","MANAVGAT","ChIJnaIoTdZZwxQRglCeRAMuA6g","side","Side","50","85","ready",""
"febeach-otel","FEBEACH OTEL","6450","MANAVGAT","ChIJyZpwOHxZwxQRQ7WXtbsojcA","side","Side","50","85","ready",""
"hane-family-resort","HANE FAMİLY RESORT","9216","MANAVGAT","ChIJvfIajjhZwxQR6kW50l91YB0","side","Side","50","85","ready",""
"iz-flower-side-beach-hotel","İZ FLOWER SİDE BEACH HOTEL","13683","MANAVGAT","ChIJrVDR5jVZwxQR6uAwz-7Zo6E","side","Side","50","85","ready",""
"kelebek-otel","KELEBEK OTEL","2022-7-1322","MANAVGAT","ChIJGee7Y7pZwxQRDWeyFy9QLt0","side","Side","50","85","ready",""
"liu-resorts","LIU RESORTS","19450","MANAVGAT","ChIJieNOmnWR3BQR8a1SfQY_VH0","side","Side","50","85","ready",""
"linda-otel","LİNDA OTEL","10863","MANAVGAT","ChIJK8dfD1RXwxQRa-efk99vqVA","side","Side","50","85","ready",""
"linda-sunny-beach-spa","LİNDA SUNNY BEACH & SPA","13561","MANAVGAT","ChIJM9Zt7fFewxQR6kb6HymfaTk","side","Side","50","85","ready",""
"lrs-port-river-hotel-spa","LRS PORT RIVER HOTEL & SPA","14902","MANAVGAT","ChIJc_4bXABXwxQRnLNtNDVsnio","side","Side","50","85","ready",""
"lusso-sorgun","LUSSO SORGUN","27158","MANAVGAT","ChIJCYgnecpQwxQRDzNqgP_4BOo","side","Side","50","85","ready",""
"manavgat-kervan-otel","MANAVGAT KERVAN OTEL","2022-7-1479","MANAVGAT","ChIJUe2ablNXwxQRyfatw_gbJo4","side","Side","50","85","ready",""
"miramare-beach-hotel","MIRAMARE BEACH HOTEL","3497","MANAVGAT","ChIJZVu81MpewxQRT5VRKMVfGkU","side","Side","50","85","ready",""
"numa-club-side","NUMA CLUB SIDE","22762","MANAVGAT","ChIJX-JRGEdHdkAR8U_eIQibbcg","side","Side","50","85","ready",""
"oleander-otel","OLEANDER OTEL","11529","MANAVGAT","ChIJvzj3P9dZwxQRWtiH-t_2UCA","side","Side","50","85","ready",""
"orfeus-queen-spa","ORFEUS  QUEEN  SPA","20766","MANAVGAT","ChIJZcK-OllewxQR8Gp-w4mIqj4","side","Side","50","85","ready",""
"otel-durkaya","OTEL DURKAYA","2022-7-1442","MANAVGAT","ChIJA5quahNXwxQR5_7hucaoLS0","side","Side","50","85","ready",""
"port-side-resort-hotel","PORT SİDE RESORT HOTEL","12650","MANAVGAT","ChIJx4bG68hewxQR9WuzJbdX4B8","side","Side","50","85","ready",""
"ramada-resort-side","RAMADA RESORT SİDE","13744","MANAVGAT","ChIJa50ODCRfwxQR04QbiH5YjPk","side","Side","50","85","ready",""
"riolavitas-resort-spa","RIOLAVITAS RESORT&SPA","G_25977","MANAVGAT","ChIJh9wijE1XwxQRiZmaLOomt1E","side","Side","50","85","ready",""
"river-suite-otel","RIVER SUITE OTEL","2022-7-0354","MANAVGAT","ChIJezPGDNFXwxQRLOm6wClTf68","side","Side","50","85","ready",""
"roma-beach-resort-spa","ROMA BEACH RESORT & SPA","11644","MANAVGAT","ChIJd896kidZwxQR0GiHr13JANk","side","Side","50","85","ready",""
"seashell-vega","SEASHELL VEGA","23623","MANAVGAT","ChIJmSCa1q1ZwxQRlURQtG1J2Wc","side","Side","50","85","ready",""
"side-alegria-hotel-spa","SİDE ALEGRİA HOTEL & SPA","16293","MANAVGAT","ChIJk0qHjzhZwxQRSWBUjaw9KDY","side","Side","50","85","ready",""
"side-breeze-otel","SİDE BREEZE OTEL","9767","MANAVGAT","ChIJbaC1DcZewxQRB1gdj1P-Gsw","side","Side","50","85","ready",""
"side-mare-resort-spa-otel","SİDE MARE RESORT & SPA OTEL","9476","MANAVGAT","ChIJLdtXyTlZwxQRIefolhI8UDA","side","Side","50","85","ready",""
"side-story-resort-spa","Side Story Resort & Spa","9717","MANAVGAT","ChIJIXHdm25ZwxQR-ZR8hDE3oz4","side","Side","50","85","ready",""
"side-sun-otel","SİDE SUN OTEL","8067","MANAVGAT","ChIJyZpwOHxZwxQRFfUUBWXfZPs","side","Side","50","85","ready",""
"side-west-park-otel","SİDE WEST PARK OTEL","13895","MANAVGAT","ChIJVZf5XMRewxQRWohZ4qQUyS4","side","Side","50","85","ready",""
"sidekum-otel","SİDEKUM OTEL","11667","MANAVGAT","ChIJB5jG8DRZwxQRGiaXMi6eh5A","side","Side","50","85","ready",""
"sidelya-otel","SİDELYA OTEL","9972","MANAVGAT","ChIJ5RDFYQBfwxQRaUm7Ek7APYs","side","Side","50","85","ready",""
"simus-beach-hotel","SİMUS BEACH HOTEL","25021","MANAVGAT","ChIJCxawGnxZwxQRI2XM3jiDt4Y","side","Side","50","85","ready",""
"sueno-hotels-beach-side","SUENO HOTELS BEACH SİDE","18256","MANAVGAT","ChIJk7wjmnZZwxQRQC_w7LKyaF8","side","Side","50","85","ready",""
"thalia-unique","THALİA UNİQUE","18054","MANAVGAT","ChIJyZpwOHxZwxQRVHZETHKuCOY","side","Side","50","85","ready",""
"trendy-side-beach","TRENDY SİDE BEACH","9147","MANAVGAT","ChIJCaxQBXtZwxQRdFb063OkEKE","side","Side","50","85","ready",""
"armas-kaplan-paradise","ARMAS KAPLAN PARADISE","G_25626","KONYAALTI","ChIJ-2O_Suy1wxQRKczGYbvX87A","tekirova","Tekirova","75","115","ready",""
"rai-foresta-tekirova-spa","RAI FORESTA TEKIROVA & SPA","19034","KEMER","ChIJ33WX-Mq1wxQRGbqLv73lKCI","tekirova","Tekirova","75","115","ready",""
"sirius-otel","SİRİUS OTEL","4919","KEMER","ChIJybi8Ep7KwxQRq6cfATMhjX0","tekirova","Tekirova","75","115","ready",""
"la-benata-hotel","LA BENATA HOTEL","26459","MANAVGAT","ChIJWZK_Spet3BQRGfONqE3xEO4","alanya_bati","Batı Alanya","70","90","review","ministry-location-conflict"
"throne-nilbahir-resort-spa","THRONE NİLBAHİR RESORT & SPA","2022-7-0208","MANAVGAT","ChIJg7P7dPWr3BQRbVKeGRzyp7g","alanya_bati","Batı Alanya","70","90","review","ministry-location-conflict"
"bieno-club-svs-hotel","BİENO CLUB SVS HOTEL","11517","ALANYA","ChIJVVo-ze2R3BQRBq7_8DmzR1A","alanya_dogu","Doğu Alanya","80","105","review","near-pricing-boundary"
"cleopatra-golden-beach-otel","CLEOPATRA GOLDEN BEACH OTEL","20717","ALANYA","ChIJVVUJSHWa3BQRTfppPNlkOY4","alanya_dogu","Doğu Alanya","80","105","review","near-pricing-boundary"
"galaxy-beach","GALAXY BEACH","8424","ALANYA","ChIJi4cWtqCQ3BQRbKUGCCG4Lu4","alanya_dogu","Doğu Alanya","80","105","review","near-pricing-boundary"
"scylax-hotels-family-club","SCYLAX HOTELS FAMİLY CLUB","23988","ALANYA","ChIJS-S2iZqQ3BQR-AT3YERkNdI","alanya_dogu","Doğu Alanya","80","105","review","near-pricing-boundary"
"arsi-blue-beach-hotel","ARSİ BLUE BEACH HOTEL","2022-7-0632","ALANYA","ChIJ4Rbvw7qZ3BQRaC3pnfi1GZY","alanya_merkez","Alanya merkez","75","95","review","near-pricing-boundary"
"sandy-beach-otel","SANDY BEACH OTEL","2022-7-1498","MANAVGAT","ChIJn0yhvbiZ3BQRA0cLJ4ZPd6Y","alanya_merkez","Alanya merkez","75","95","review","ministry-location-conflict"
"ergun-otel","ERGÜN OTEL","2022-7-1188","ALANYA","ChIJa26zg7yRwxQRGqK76ibcSak","antalya","Antalya şehir merkezi","35","60","review","ministry-location-conflict"
"fame-otel","FAME OTEL","2022-7-0525","KEMER","ChIJPe21FuKPwxQRCctfj10tH1I","antalya","Antalya şehir merkezi","35","60","review","ministry-location-conflict"
"insula-resort-spa","INSULA RESORT&SPA","3494","ALANYA","ChIJZzlW23iRwxQRDUQBk-Igv_M","antalya","Antalya şehir merkezi","35","60","review","ministry-location-conflict"
"kemer-hotel","KEMER HOTEL","2022-7-1550","KEMER","ChIJh3o5qp-3wxQRJbHTjQJfNsY","antalya","Antalya şehir merkezi","35","60","review","ministry-location-conflict"
"lrs-lake-river-side-hotel-spa","LRS LAKE & RIVER SIDE HOTEL & SPA","17885","MANAVGAT","ChIJG8uNewCFwxQRPyM5iqvePE4","antalya","Antalya şehir merkezi","35","60","review","ministry-location-conflict"
"seamelia-beach-resort-hotel-spa","SEAMELIA BEACH RESORT HOTEL & SPA","12593","MANAVGAT","ChIJl4-yyOCTwxQRvVHb7hjT7Y8","antalya","Antalya şehir merkezi","35","60","review","ministry-location-conflict"
"sirma-otel","SIRMA OTEL","18626","MANAVGAT","ChIJaceaPuSPwxQRUBlTKSBOmx8","antalya","Antalya şehir merkezi","35","60","review","ministry-location-conflict"
"deniz-hotel","DENİZ HOTEL","2022-7-0541","KONYAALTI","ChIJ875pJQp8wxQRf8DtGaLOhMg","belek","Belek","40","70","review","ministry-location-conflict"
"prenses-sealine-beach-otel","PRENSES SEALİNE BEACH OTEL","25069","SERİK","ChIJwRKbpeKPwxQRBqzaZz4Anb4","belek","Belek","40","70","review","near-pricing-boundary"
"titanic-resort-otel","TITANIC RESORT OTEL","11352","MURATPAŞA","ChIJZW5zPHB5wxQRtkfE0PP54M0","belek","Belek","40","70","review","ministry-location-conflict"
"hare-hotel","HARE HOTEL","26773","ALANYA","ChIJ1b7kqguO3BQRXLF0tdUUMp4","kargicak","Kargıcak","90","115","review","near-pricing-boundary"
"tu-casa-gelidonya-hotel","TU CASA GELİDONYA HOTEL","11444","KEMER","ChIJC5qDsyaR3BQRVgCg1vqvd54","kargicak","Kargıcak","90","115","review","ministry-location-conflict"
"calido-maris","CALİDO MARİS","15758","MANAVGAT","ChIJOcRmqDlTwxQRHOPzlqucAKE","kizilagac","Manavgat/Kızılağaç","60","95","review","near-pricing-boundary"
"cenger-beach-resort-otel","ÇENGER BEACH RESORT OTEL","10701","MANAVGAT","ChIJU_peCp5XwxQRh6ps93LHuR0","kizilagac","Manavgat/Kızılağaç","60","95","review","near-pricing-boundary"
"begonya-hotel","BEGONYA HOTEL","2022-7-1544","KEMER","ChIJ_2uZlbdZwxQR96nRbnYoKzk","side","Side","50","85","review","ministry-location-conflict"
"korient-mira-otel","KORIENT MIRA OTEL","2022-7-0962","KEMER","ChIJJ_0zGEW3wxQRqyBbjKYHl2M","side","Side","50","85","review","ministry-location-conflict"
"royal-atlantis-spa-resort","ROYAL ATLANTİS SPA & RESORT","8056|10404","MANAVGAT","ChIJu6ojebhfwxQRk_6-JaF6dCY","side","Side","50","85","review","multiple-ministry-names"
